Country Name,Country Code,Series Name,Series Code,1990 [YR1990],1991 [YR1991],1992 [YR1992],1993 [YR1993],1994 [YR1994],1995 [YR1995],1996 [YR1996],1997 [YR1997],1998 [YR1998],1999 [YR1999],2000 [YR2000],2001 [YR2001],2002 [YR2002],2003 [YR2003],2004 [YR2004],2005 [YR2005],2006 [YR2006],2007 [YR2007],2008 [YR2008],2009 [YR2009],2010 [YR2010],2011 [YR2011],2012 [YR2012],2013 [YR2013],2014 [YR2014],2015 [YR2015],2016 [YR2016],2017 [YR2017]
Argentina,ARG,"School enrollment, secondary (% gross)",SE.SEC.ENRR,71.1518325805664,71.6378936767578,..,..,68.7304763793945,..,78.3769302368164,75.1688079833984,81.4302825927734,93.0153732299805,96.5234680175781,97.4641799926758,96.5699081420898,95.7527084350586,95.4972610473633,94.0060119628906,93.3478164672852,93.7097015380859,95.248176574707,98.8311767578125,101.800773620605,103.603286743164,105.196243286133,106.324806213379,106.778343200684,107.07502746582,..,..
Australia,AUS,"School enrollment, secondary (% gross)",SE.SEC.ENRR,..,..,..,133.714279174805,131.992706298828,142.569519042969,147.948013305664,152.246307373047,..,..,..,..,..,..,..,..,..,..,..,..,..,..,..,..,..,158.147186279297,153.848266601563,..
Brazil,BRA,"School enrollment, secondary (% gross)",SE.SEC.ENRR,..,..,..,..,..,..,..,..,..,..,..,..,109.994216918945,101.868667602539,102.371032714844,101.2919921875,..,95.1699981689453,96.7201232910156,96.6654815673828,..,95.2633819580078,95.5837326049805,101.868072509766,101.950897216797,99.6509704589844,..,..
China,CHN,"School enrollment, secondary (% gross)",SE.SEC.ENRR,37.4352111816406,39.693489074707,42.7265014648438,45.4694404602051,46.9014892578125,50.4073791503906,54.5773010253906,56.9693984985352,..,59.7505416870117,59.6548805236816,59.7167587280273,59.986759185791,61.8509902954102,..,..,70.0199279785156,75.0220794677734,79.8158798217773,84.0127487182617,88.0304412841797,91.0833435058594,92.5681304931641,95.0299530029297,..,..,..,..
France,FRA,"School enrollment, secondary (% gross)",SE.SEC.ENRR,96.6559600830078,101.195777893066,104.901252746582,105.505592346191,113.829856872559,113.907012939453,112.434349060059,111.233757019043,110.22078704834,109.297058105469,108.62760925293,107.891471862793,107.994171142578,108.853790283203,109.043159484863,113.870712280273,113.966018676758,113.48014831543,113.004669189453,112.355903625488,112.396942138672,112.278358459473,112.308311462402,111.430679321289,111.243690490723,111.067039489746,..,..
Germany,DEU,"School enrollment, secondary (% gross)",SE.SEC.ENRR,..,99.1079025268555,100.627822875977,105.340827941895,105.414222717285,104.660003662109,104.196716308594,103.994659423828,98.8589935302734,99.0050735473633,99.6677474975586,100.248878479004,101.238273620605,101.60327911377,101.939247131348,102.09253692627,102.881340026855,102.082412719727,103.164390563965,103.030082702637,103.858963012695,103.663436889648,102.276039123535,101.430656433105,101.08097076416,101.060852050781,..,..
India,IND,"School enrollment, secondary (% gross)",SE.SEC.ENRR,..,..,..,45.5385894775391,45.8606109619141,45.5656394958496,45.4993705749512,46.0530281066895,..,43.2425117492676,45.0843391418457,45.3601493835449,47.2833290100098,49.8380813598633,51.583869934082,54.1825408935547,55.0901298522949,57.4849891662598,60.5655403137207,59.8063011169434,63.3053398132324,66.4348526000977,69.1834411621094,68.9115829467773,74.2842102050781,73.9789886474609,75.1767120361328,..
Indonesia,IDN,"School enrollment, secondary (% gross)",SE.SEC.ENRR,46.5859184265137,44.8115005493164,44.0665893554688,43.7325286865234,44.7577018737793,47.5896606445313,50.3595581054688,54.1007118225098,54.3481788635254,54.427921295166,55.0974388122559,55.5580711364746,57.1764602661133,60.1514282226563,61.8621788024902,60.1281394958496,62.5808296203613,69.7117080688477,68.2517318725586,72.7912292480469,74.5499572753906,77.6238021850586,79.9157562255859,82.9493713378906,83.5586700439453,87.2993469238281,86.0477066040039,..
Italy,ITA,"School enrollment, secondary (% gross)",SE.SEC.ENRR,80.235107421875,80.9741821289063,82.2526473999023,83.4287185668945,87.4684295654297,88.6352081298828,89.4731597900391,90.0902404785156,90.2214508056641,91.4692306518555,92.3071975708008,95.2042465209961,97.1196212768555,98.0252532958984,97.8857574462891,98.1337585449219,98.8625793457031,99.4652862548828,100.171203613281,100.502281188965,102.00316619873,102.511772155762,101.619750976563,102.457107543945,102.803497314453,103.177017211914,..,..
Japan,JPN,"School enrollment, secondary (% gross)",SE.SEC.ENRR,94.6957168579102,96.7363815307617,97.2732772827148,97.0162124633789,99.8351516723633,99.6286163330078,99.7626266479492,..,99.2902908325195,99.1528167724609,99.4211502075195,99.7176971435547,99.7109298706055,98.958251953125,98.314697265625,98.2142486572266,98.4537200927734,98.5084228515625,99.0865478515625,99.5783462524414,100.444267272949,100.883399963379,101.242561340332,101.538688659668,101.388618469238,102.142272949219,..,..
"Korea, Rep.",KOR,"School enrollment, secondary (% gross)",SE.SEC.ENRR,92.8978576660156,92.229377746582,91.839241027832,93.8238067626953,97.2116622924805,98.7232666015625,100.835601806641,99.2365493774414,97.1195831298828,96.3125762939453,95.9577178955078,95.6103668212891,95.7991333007813,96.479606628418,97.1710815429688,97.0371322631836,95.7594985961914,95.1788330078125,94.9652709960938,95.903923034668,96.3287811279297,96.9072799682617,98.0967330932617,99.9590530395508,100.51197052002,100.196899414063,..,..
Mexico,MEX,"School enrollment, secondary (% gross)",SE.SEC.ENRR,52.6770896911621,51.8245887756348,51.9322395324707,52.6653709411621,54.2322692871094,56.5239715576172,59.0987510681152,61.695671081543,65.5030212402344,67.840202331543,70.4952087402344,72.1460494995117,74.4590377807617,77.9189605712891,79.1639099121094,79.8843688964844,81.6715774536133,82.7013168334961,84.2613220214844,83.6371383666992,84.3125,84.6880798339844,86.2783813476563,88.2567977905273,91.8336029052734,95.2633819580078,97.2714691162109,..
Netherlands,NLD,"School enrollment, secondary (% gross)",SE.SEC.ENRR,118.265922546387,119.590766906738,121.039779663086,123.209396362305,140.690490722656,139.698272705078,137.37646484375,130.371032714844,127.209922790527,122.752792358398,122.41854095459,122.847480773926,120.761940002441,120.877532958984,118.177993774414,118.373611450195,118.604278564453,119.475959777832,120.440841674805,120.605590820313,122.078811645508,128.179122924805,128.997756958008,130.689483642578,130.667236328125,133.54231262207,132.691650390625,..
Russian Federation,RUS,"School enrollment, secondary (% gross)",SE.SEC.ENRR,97.6154403686523,96.1306686401367,94.2120208740234,91.9961624145508,90.6954574584961,91.0689163208008,91.4106597900391,91.2535400390625,92.0509033203125,92.3803863525391,..,..,..,91.5306091308594,85.343017578125,82.9419708251953,82.7454223632813,83.0528564453125,83.2848510742188,84.9694595336914,..,92.0496520996094,96.1611328125,98.7996673583984,100.532867431641,104.39720916748,104.80770111084,..
Saudi Arabia,SAU,"School enrollment, secondary (% gross)",SE.SEC.ENRR,..,..,..,..,..,..,..,..,..,..,..,..,..,..,..,87.0406112670898,..,90.1976089477539,..,94.4093704223633,..,..,..,113.748008728027,116.64714050293,..,..,..
Spain,ESP,"School enrollment, secondary (% gross)",SE.SEC.ENRR,100.880477905273,102.918556213379,105.069862365723,109.400047302246,112.045631408691,113.829879760742,117.275650024414,114.883110046387,105.818397521973,107.527618408203,109.993690490723,111.528999328613,111.629333496094,111.965087890625,113.683807373047,117.234931945801,117.280921936035,117.250129699707,117.416526794434,118.141860961914,124.106872558594,128.275604248047,130.733444213867,130.783447265625,129.848007202148,129.479919433594,127.949882507324,..
Switzerland,CHE,"School enrollment, secondary (% gross)",SE.SEC.ENRR,95.6827163696289,96.8046112060547,98.2107925415039,99.2770462036133,101.439758300781,101.310119628906,100.849052429199,..,95.5871429443359,95.5402069091797,95.3001174926758,94.9895324707031,93.3585662841797,93.4227905273438,94.0503311157227,95.0807266235352,95.6538619995117,95.5452270507813,95.5298690795898,95.2575073242188,95.7752990722656,96.0935211181641,96.1670379638672,98.5796203613281,99.747932434082,101.178466796875,102.289932250977,..
Turkey,TUR,"School enrollment, secondary (% gross)",SE.SEC.ENRR,50.9453887939453,52.7653999328613,54.4491882324219,57.9479484558105,59.6166915893555,62.2968215942383,..,61.9584503173828,..,71.6944732666016,73.6005325317383,83.7811584472656,88.2947616577148,90.0919570922852,86.8619689941406,83.9413528442383,87.9034194946289,90.2981491088867,88.4996032714844,80.0171966552734,84.2633819580078,88.3384475708008,85.2053680419922,100.560897827148,103.01725769043,103.050193786621,..,..
United Kingdom,GBR,"School enrollment, secondary (% gross)",SE.SEC.ENRR,84.2999801635742,87.4897537231445,91.0094299316406,100.933502197266,102.622299194336,103.028030395508,101.932891845703,99.7561492919922,98.878059387207,101.097473144531,101.832130432129,101.725250244141,102.701103210449,102.064308166504,104.652030944824,105.384307861328,98.2149810791016,97.2087707519531,98.3947372436523,100.267601013184,103.05078125,93.9487075805664,91.955078125,124.538673400879,127.304107666016,125.485496520996,..,..
United States,USA,"School enrollment, secondary (% gross)",SE.SEC.ENRR,91.2870407104492,91.3198699951172,..,96.233757019043,97.5899505615234,96.4025726318359,96.2835235595703,..,96.2914276123047,95.2592086791992,94.0312194824219,94.3708267211914,93.2385330200195,94.5210494995117,94.6496887207031,94.5081405639648,94.0011291503906,94.5016632080078,94.373779296875,93.911247253418,93.0338592529297,93.7255477905273,94.1275329589844,94.7401504516602,95.8849105834961,97.1848373413086,..,..
Afghanistan,AFG,"School enrollment, secondary (% gross)",SE.SEC.ENRR,11.065770149231,16.0683002471924,..,16.2588195800781,22.758279800415,22.1650295257568,..,..,..,..,..,12.7732200622559,..,12.9918804168701,18.1941604614258,19.2837200164795,29.196720123291,29.3682193756104,39.2865104675293,45.6457099914551,51.981689453125,53.249698638916,55.1750907897949,55.0986709594727,54.0150108337402,53.9302711486816,..,55.1109085083008
Albania,ALB,"School enrollment, secondary (% gross)",SE.SEC.ENRR,90.2621383666992,91.1053771972656,77.9229507446289,70.5493927001953,68.9621810913086,68.933479309082,68.138786315918,69.6660690307617,71.6408767700195,71.8882064819336,71.4307479858398,72.9053115844727,73.2416610717773,75.6270217895508,75.1792068481445,78.3024597167969,79.5964279174805,82.6511611938477,84.6204376220703,86.2276306152344,88.6185913085938,90.213752746582,92.6074523925781,95.7796325683594,96.3285522460938,95.7541427612305,94.9813766479492,..
Algeria,DZA,"School enrollment, secondary (% gross)",SE.SEC.ENRR,59.1210517883301,57.5735015869141,57.2786598205566,57.3993797302246,58.4064407348633,58.336799621582,58.6381797790527,59.1587181091309,..,65.2811508178711,64.7266082763672,68.4109497070313,71.5501708984375,73.7339630126953,77.1762084960938,78.7266464233398,79.7143783569336,70.1982192993164,76.6469268798828,92.9189834594727,96.9919509887695,99.6549530029297,..,..,..,..,..,..
American Samoa,ASM,"School enrollment, secondary (% gross)",SE.SEC.ENRR,..,..,..,..,..,..,..,..,..,..,..,..,..,..,..,..,..,..,..,..,..,..,..,..,..,..,..,..
Andorra,AND,"School enrollment, secondary (% gross)",SE.SEC.ENRR,..,..,..,..,..,..,..,..,..,..,..,..,..,..,..,..,..,..,..,..,..,..,..,..,..,..,..,..
Angola,AGO,"School enrollment, secondary (% gross)",SE.SEC.ENRR,8.11026000976563,8.61676979064941,9.74153995513916,..,..,..,..,..,10.84850025177,10.8273296356201,12.3894701004028,14.00767993927,15.1415901184082,..,..,..,..,..,21.4987602233887,22.908390045166,26.4896793365479,26.6794395446777,..,..,..,..,..,..
Antigua and Barbuda,ATG,"School enrollment, secondary (% gross)",SE.SEC.ENRR,..,..,103.85572052002,..,..,..,..,..,..,..,68.9492874145508,..,..,..,..,..,..,96.0421524047852,104.12744140625,101.929718017578,99.3756637573242,98.6111068725586,97.2957305908203,..,93.5812835693359,93.6140518188477,..,..
Arab World,ARB,"School enrollment, secondary (% gross)",SE.SEC.ENRR,52.53926,52.59857,51.42671,52.05642,54.07836,54.05316,53.98054,55.29269,56.67888,58.14871,59.3812,60.76664,61.81736,63.56313,65.29372,65.22016,64.96101,63.98061,64.48995,66.20854,67.45415,70.03113,71.03589,69.49413,69.89649,70.18059,70.51813,..
Armenia,ARM,"School enrollment, secondary (% gross)",SE.SEC.ENRR,..,92.1037063598633,92.3268585205078,94.7446975708008,96.6290664672852,..,93.3364028930664,93.2361602783203,80.4360275268555,80.0566787719727,92.1519927978516,88.2820205688477,..,..,89.3463668823242,92.0542831420898,94.9413299560547,96.4233322143555,94.966796875,100.124977111816,..,..,..,..,..,86.0376129150391,..,..
Aruba,ABW,"School enrollment, secondary (% gross)",SE.SEC.ENRR,..,..,..,..,..,..,..,..,..,98.7969207763672,96.5161666870117,97.9728698730469,100.520683288574,99.0911712646484,97.25244140625,95.9417572021484,97.3563690185547,102.559753417969,94.6491317749023,96.7360229492188,95.8235397338867,97.0278778076172,111.159767150879,..,..,..,..,..
Austria,AUT,"School enrollment, secondary (% gross)",SE.SEC.ENRR,101.1708984375,102.799652099609,104.805870056152,106.29354095459,106.824638366699,106.58470916748,105.650329589844,105.122970581055,97.7447280883789,98.4440994262695,98.6960601806641,98.9574966430664,99.0211715698242,99.4792022705078,99.5235595703125,100.35334777832,100.329963684082,99.7160263061523,99.4430465698242,99.6846084594727,98.8359603881836,98.0614700317383,97.7712173461914,99.026496887207,99.4277801513672,100.127967834473,100.963020324707,..
Azerbaijan,AZE,"School enrollment, secondary (% gross)",SE.SEC.ENRR,91.7173690795898,91.1750869750977,91.9446487426758,91.3005828857422,87.7138366699219,85.3741989135742,75.4991607666016,73.8494033813477,..,..,..,..,..,..,..,..,..,..,..,..,..,..,..,..,..,..,..,..
"Bahamas, The",BHS,"School enrollment, secondary (% gross)",SE.SEC.ENRR,85.6937637329102,87.0922775268555,95.7345504760742,95.7362213134766,89.666877746582,86.7343826293945,..,82.0354919433594,..,77.6710891723633,..,..,91.634880065918,..,86.3785171508789,89.2898864746094,91.601318359375,95.0577774047852,94.4482574462891,92.984260559082,92.6361694335938,..,..,..,..,..,90.4150619506836,..
Bahrain,BHR,"School enrollment, secondary (% gross)",SE.SEC.ENRR,86.9315414428711,99.4372863769531,98.4922180175781,101.84058380127,105.163780212402,106.128356933594,104.216217041016,97.3526992797852,96.0243377685547,94.6147766113281,97.5679092407227,97.9642333984375,94.2973022460938,94.2609710693359,95.3696975708008,96.1961898803711,96.3959503173828,..,91.7966384887695,91.9878692626953,92.8599624633789,95.2977981567383,91.6598663330078,96.6376037597656,98.8924407958984,102.127517700195,103.853843688965,..
Bangladesh,BGD,"School enrollment, secondary (% gross)",SE.SEC.ENRR,20.3737201690674,..,..,..,..,..,..,..,43.557071685791,46.6189384460449,48.0099906921387,49.2556610107422,50.389461517334,50.1591491699219,46.727970123291,45.4167289733887,45.999870300293,46.7748107910156,44.7984886169434,48.4464797973633,50.0272216796875,50.7813491821289,53.4472808837891,58.2127685546875,..,63.4152488708496,68.9809722900391,..
Barbados,BRB,"School enrollment, secondary (% gross)",SE.SEC.ENRR,85.4234924316406,..,..,..,..,..,..,..,..,107.00602722168,103.624076843262,103.507118225098,104.339126586914,105.462692260742,107.744453430176,108.550003051758,105.88981628418,105.416030883789,104.495941162109,103.237838745117,101.897148132324,103.614082336426,..,..,109.247566223145,108.544570922852,107.058387756348,..
Belarus,BLR,"School enrollment, secondary (% gross)",SE.SEC.ENRR,96.8475875854492,93.3674621582031,92.6325531005859,91.6998519897461,92.5365600585938,93.8568878173828,95.1922225952148,94.9099731445313,86.1174392700195,..,..,..,..,..,..,..,..,..,111.225936889648,110.074752807617,107.576309204102,106.737617492676,106.45768737793,104.651412963867,104.774909973145,104.826736450195,104.362586975098,..
Belgium,BEL,"School enrollment, secondary (% gross)",SE.SEC.ENRR,101.389373779297,101.677047729492,102.746490478516,141.399917602539,144.506286621094,146.503295898438,146.362014770508,..,..,141.85725402832,144.876281738281,153.801239013672,155.906967163086,158.630279541016,153.405334472656,159.89013671875,161.01921081543,159.513229370117,158.742172241211,156.637145996094,156.861328125,156.633163452148,157.801040649414,160.9248046875,162.298904418945,163.930526733398,..,..
Belize,BLZ,"School enrollment, secondary (% gross)",SE.SEC.ENRR,..,60.751781463623,..,..,68.3875198364258,67.2094116210938,..,..,..,64.1235198974609,67.9763565063477,70.5914688110352,..,76.9527969360352,78.2889633178711,76.5167007446289,76.7233734130859,75.3715972900391,74.8418731689453,74.4397201538086,75.3597869873047,76.0342864990234,78.385383605957,80.1630401611328,79.8806991577148,80.7973937988281,87.1650009155273,..
Benin,BEN,"School enrollment, secondary (% gross)",SE.SEC.ENRR,..,..,..,..,..,..,..,..,..,21.0042896270752,21.8377704620361,23.6702404022217,25.6665191650391,27.031120300293,28.888599395752,..,..,..,..,..,..,49.1275901794434,..,55.9660911560059,56.2371711730957,58.8473701477051,..,..
Bermuda,BMU,"School enrollment, secondary (% gross)",SE.SEC.ENRR,..,..,..,..,..,..,..,..,..,..,..,79.1746063232422,78.0742263793945,79.0366363525391,81.2965469360352,80.8843536376953,77.6422119140625,..,..,..,78.7241592407227,77.1428604125977,75.2807006835938,74.2486190795898,72.622428894043,71.5424118041992,..,..
Bhutan,BTN,"School enrollment, secondary (% gross)",SE.SEC.ENRR,..,..,..,..,..,..,..,..,24.0408096313477,26.936279296875,30.1158504486084,33.0803413391113,..,..,..,44.1677703857422,46.9132804870605,50.9157600402832,54.3400688171387,59.39453125,63.6136283874512,66.9461135864258,71.0329437255859,74.6758880615234,81.5959320068359,82.9149703979492,83.9763870239258,..
Bolivia,BOL,"School enrollment, secondary (% gross)",SE.SEC.ENRR,..,..,..,..,..,..,..,..,69.0607986450195,74.7145614624023,71.0725479125977,74.4936218261719,79.6290817260742,82.7163391113281,85.8132019042969,86.9914398193359,86.3932723999023,86.0638198852539,85.5793533325195,84.0427703857422,83.13427734375,82.3187637329102,82.8837890625,84.6754684448242,85.3800811767578,86.4050064086914,86.4552307128906,..
Bosnia and Herzegovina,BIH,"School enrollment, secondary (% gross)",SE.SEC.ENRR,..,..,..,..,..,..,..,..,..,..,..,..,..,..,..,..,..,..,..,..,..,..,..,..,..,..,..,..
Botswana,BWA,"School enrollment, secondary (% gross)",SE.SEC.ENRR,39.4523506164551,47.7016983032227,47.1518096923828,51.1559104919434,49.9603004455566,56.3837203979492,..,..,72.1804885864258,73.5679626464844,75.9833526611328,76.3525466918945,77.9376373291016,78.9608764648438,80.6562118530273,81.2032165527344,82.8076629638672,83.2577667236328,78.4158325195313,..,..,..,..,..,..,..,..,..
British Virgin Islands,VGB,"School enrollment, secondary (% gross)",SE.SEC.ENRR,..,..,..,..,..,..,..,..,..,..,..,..,96.4869766235352,97.086799621582,99.5915985107422,106.689338684082,108.052947998047,103.224067687988,..,97.0029983520508,101.602401733398,96.2462463378906,97.6035919189453,98.3093032836914,97.7373275756836,98.7335586547852,..,..
Brunei Darussalam,BRN,"School enrollment, secondary (% gross)",SE.SEC.ENRR,..,73.199836730957,73.9059829711914,75.7966613769531,76.2789764404297,..,..,..,81.0054092407227,84.2164535522461,84.6553268432617,85.0663528442383,86.5379867553711,88.372200012207,92.7991409301758,96.602409362793,97.4701614379883,95.8562622070313,96.1045913696289,98.2822723388672,99.1776580810547,101.235122680664,105.837677001953,104.304176330566,98.938117980957,95.8300399780273,93.3741607666016,..
Bulgaria,BGR,"School enrollment, secondary (% gross)",SE.SEC.ENRR,98.7858276367188,97.6892700195313,95.7716293334961,92.8535919189453,90.0519866943359,91.7336273193359,92.6323776245117,92.2471389770508,91.7017517089844,91.9542922973633,92.7978591918945,93.8629837036133,95.3034820556641,86.7608489990234,88.74658203125,89.2352600097656,89.7449798583984,90.2446136474609,89.428840637207,88.7229232788086,90.2020263671875,93.738639831543,94.6528472900391,101.427612304688,104.163619995117,102.344497680664,99.9003219604492,..
Burkina Faso,BFA,"School enrollment, secondary (% gross)",SE.SEC.ENRR,6.89189004898071,7.22926998138428,7.47780990600586,7.93455982208252,8.29024982452393,..,..,..,..,9.79308986663818,10.4224796295166,10.6387195587158,..,12.0750703811646,13.250789642334,14.2987804412842,15.0407495498657,16.1669902801514,18.9150905609131,20.2942600250244,21.9026908874512,23.8359298706055,25.9331092834473,28.3660297393799,30.3541507720947,33.7187881469727,35.7871513366699,..
Burundi,BDI,"School enrollment, secondary (% gross)",SE.SEC.ENRR,5.39542007446289,6.04342985153198,6.41394996643066,7.08656978607178,..,..,..,..,..,..,..,10.3092203140259,10.7033596038818,10.8745698928833,12.3733501434326,13.4712800979614,14.7179899215698,15.6633501052856,..,20.7541007995605,23.9293804168701,26.7403602600098,29.2979202270508,34.0104598999023,40.0777816772461,45.1060485839844,48.3578491210938,..
Cabo Verde,CPV,"School enrollment, secondary (% gross)",SE.SEC.ENRR,20.8282604217529,..,..,..,29.3650798797607,..,..,..,..,..,67.899169921875,65.2912292480469,68.1148071289063,68.5995330810547,67.7931518554688,70.9631805419922,82.578727722168,82.6777114868164,85.2253570556641,84.5305328369141,86.5508499145508,87.9736480712891,88.2476119995117,89.3531265258789,86.3795166015625,85.2882614135742,84.5575790405273,..
Cambodia,KHM,"School enrollment, secondary (% gross)",SE.SEC.ENRR,..,27.8691005706787,..,..,..,..,..,..,18.0073299407959,16.6010303497314,17.2891407012939,18.9330902099609,22.9321002960205,27.5087604522705,31.3285598754883,..,39.7483787536621,42.7013816833496,45.2270393371582,..,..,..,..,..,..,..,..,..
Cameroon,CMR,"School enrollment, secondary (% gross)",SE.SEC.ENRR,26.2192802429199,27.6914596557617,28.5816097259521,..,27.3807201385498,26.3783302307129,..,24.4683704376221,25.2695598602295,26.7249298095703,28.1576900482178,33.0984191894531,28.8658599853516,30.5043392181396,27.2062702178955,27.7435302734375,24.1697406768799,33.2029914855957,37.6399612426758,41.5665588378906,..,49.6583404541016,53.0175018310547,54.8903198242188,59.1169204711914,60.6943283081055,61.7646484375,..
Canada,CAN,"School enrollment, secondary (% gross)",SE.SEC.ENRR,99.2011184692383,100.791687011719,102.086219787598,103.964179992676,105.115158081055,104.506706237793,104.835273742676,..,105.033958435059,101.857841491699,101.434371948242,..,..,..,..,100.985473632813,101.350219726563,101.60945892334,102.123390197754,102.580520629883,102.310913085938,103.331428527832,110.18563079834,109.852272033691,109.811660766602,110.887222290039,113.040092468262,..
Caribbean small states,CSS,"School enrollment, secondary (% gross)",SE.SEC.ENRR,70.87031,72.31807,72.58979,71.58086,73.6128,75.59943,77.56789,79.47672,81.14363,82.76128,83.9932,85.37907,85.36789,84.84718,86.79459,86.25934,87.01939,87.77282,88.60159,88.96675,88.67977,89.43983,87.71566,85.97061,85.74916,85.85239,87.7095,..
Cayman Islands,CYM,"School enrollment, secondary (% gross)",SE.SEC.ENRR,..,..,..,..,..,..,..,..,..,..,..,..,..,..,..,..,..,..,..,..,..,..,..,..,..,..,..,..
Central African Republic,CAF,"School enrollment, secondary (% gross)",SE.SEC.ENRR,11.4170598983765,11.471209526062,9.55780982971191,..,..,..,..,..,..,..,..,11.7688703536987,11.8127899169922,..,..,..,..,..,..,13.5654897689819,..,17.6720409393311,17.5093307495117,..,..,..,15.3568201065063,..
Central Europe and the Baltics,CEB,"School enrollment, secondary (% gross)",SE.SEC.ENRR,91.97503,88.69019,86.24462,87.42072,87.5335,87.20549,88.18032,89.02143,88.35165,89.94516,91.46524,93.34421,95.14716,95.83182,92.77164,93.99571,94.11455,94.72668,95.45656,95.43497,96.10388,96.46205,96.54772,102.02164,101.33471,100.86523,100.23314,..
Chad,TCD,"School enrollment, secondary (% gross)",SE.SEC.ENRR,6.62294006347656,..,..,..,7.21194982528687,8.10517978668213,8.46823024749756,8.77558040618896,9.58401966094971,10.0847997665405,10.7875604629517,12.5267295837402,13.4204397201538,14.7958402633667,15.1929903030396,15.6698598861694,16.0906105041504,18.537109375,20.9870491027832,23.0401306152344,22.6369209289551,23.1182708740234,22.3800201416016,24.7556591033936,23.1315994262695,22.5221996307373,22.6831302642822,..
Channel Islands,CHI,"School enrollment, secondary (% gross)",SE.SEC.ENRR,..,..,..,..,..,..,..,..,..,..,..,..,..,..,..,..,..,..,..,..,..,..,..,..,..,..,..,..
Chile,CHL,"School enrollment, secondary (% gross)",SE.SEC.ENRR,75.7257690429688,94.1935729980469,94.2744598388672,74.9056091308594,..,..,..,..,78.4832763671875,80.6813735961914,84.4164733886719,..,88.2572326660156,91.1319198608398,93.106689453125,95.4048080444336,96.1425704956055,95.568962097168,95.0621795654297,92.3711929321289,92.8026809692383,92.2592926025391,90.1779403686523,99.2485198974609,99.4184494018555,99.8874130249023,99.6315994262695,..
Colombia,COL,"School enrollment, secondary (% gross)",SE.SEC.ENRR,..,51.6309585571289,57.2017593383789,59.1513595581055,60.3404312133789,61.2564506530762,65.1720428466797,..,70.010498046875,70.5024185180664,69.9315719604492,..,72.6692428588867,..,78.7301635742188,83.407958984375,87.7779769897461,91.6034622192383,93.9713973999023,99.2361831665039,102.020622253418,103.873680114746,99.8510208129883,100.338096618652,98.7615585327148,98.0919036865234,98.1463775634766,..
Comoros,COM,"School enrollment, secondary (% gross)",SE.SEC.ENRR,..,..,25.0500907897949,..,25.9215202331543,..,..,..,..,33.5875205993652,..,..,36.277759552002,40.0665817260742,44.0077514648438,..,..,..,..,..,..,..,..,59.9824714660645,61.0905685424805,..,..,..
"Congo, Dem. Rep.",COD,"School enrollment, secondary (% gross)",SE.SEC.ENRR,..,..,22.7882404327393,24.3508491516113,25.7599601745605,27.9839992523193,..,..,..,..,..,..,..,..,..,..,..,36.6198883056641,39.4702301025391,41.529670715332,41.236011505127,43.3478202819824,43.2530288696289,42.9345207214355,45.529541015625,46.1941909790039,..,..
"Congo, Rep.",COG,"School enrollment, secondary (% gross)",SE.SEC.ENRR,47.4615592956543,46.1737098693848,46.8675308227539,..,49.29296875,..,47.3344688415527,..,..,..,..,..,38.0199584960938,39.2679595947266,44.4367599487305,..,..,..,..,..,..,..,52.1188583374023,..,..,..,..,..
Costa Rica,CRI,"School enrollment, secondary (% gross)",SE.SEC.ENRR,43.7034111022949,44.868709564209,47.0472984313965,48.058219909668,49.2411308288574,50.4674415588379,49.9688987731934,51.1439018249512,58.9237899780273,64.7042465209961,63.9694404602051,69.2844924926758,70.7609329223633,..,82.4993896484375,84.3642272949219,91.0082626342773,92.075080871582,93.1431579589844,99.6459732055664,102.185569763184,104.565498352051,107.953689575195,114.638679504395,120.327590942383,123.086059570313,126.05396270752,..
Cote d'Ivoire,CIV,"School enrollment, secondary (% gross)",SE.SEC.ENRR,..,..,..,..,..,..,..,..,..,23.8546695709229,..,..,..,..,..,..,..,..,..,..,..,..,..,..,39.6233901977539,43.2886009216309,46.0967597961426,..
Croatia,HRV,"School enrollment, secondary (% gross)",SE.SEC.ENRR,..,..,..,80.7338714599609,84.2891006469727,81.9318618774414,81.6506729125977,82.6670989990234,84.0390930175781,85.369140625,85.5263977050781,85.7644195556641,86.8680267333984,88.344596862793,..,93.1699523925781,94.9340286254883,96.601806640625,98.3743133544922,99.8512802124023,99.9035720825195,99.1914978027344,99.1095199584961,99.5771102905273,98.727897644043,98.2320098876953,97.757568359375,..
Cuba,CUB,"School enrollment, secondary (% gross)",SE.SEC.ENRR,89.1071319580078,89.5593872070313,88.2046585083008,84.9065017700195,79.203987121582,76.1322708129883,80.5476531982422,80.7311172485352,..,80.2717208862305,83.1296463012695,85.0400619506836,88.7988967895508,91.682258605957,90.8570709228516,92.2969207763672,93.6593399047852,93.3818511962891,92.7214508056641,90.9415969848633,91.1342468261719,91.4654998779297,90.8257904052734,92.2877883911133,98.9940490722656,100.39022064209,..,..
Curacao,CUW,"School enrollment, secondary (% gross)",SE.SEC.ENRR,..,..,..,..,..,..,..,..,..,..,..,..,..,..,..,..,..,..,..,..,..,..,..,87.4912261962891,..,..,..,..
Cyprus,CYP,"School enrollment, secondary (% gross)",SE.SEC.ENRR,64.1650314331055,65.5673599243164,67.5007705688477,93.2383575439453,93.7448577880859,94.8461685180664,94.2114486694336,93.3591384887695,..,93.2223434448242,93.3721389770508,93.4450607299805,96.9152069091797,98.4242630004883,97.7151184082031,96.5432815551758,96.5981521606445,97.7791519165039,98.3290405273438,98.3875579833984,91.440803527832,92.8256225585938,95.2998504638672,98.3116912841797,99.4167327880859,99.7783126831055,..,..
Czech Republic,CZE,"School enrollment, secondary (% gross)",SE.SEC.ENRR,91.2413864135742,89.5793991088867,86.0276489257813,87.9517517089844,90.0476684570313,93.9614791870117,97.9561004638672,87.7461624145508,82.1573104858398,82.960319519043,88.3145980834961,94.8022308349609,95.498161315918,96.4860687255859,95.438850402832,95.6679534912109,96.0351715087891,94.9588088989258,94.1531066894531,93.8560485839844,94.6606979370117,95.7967376708984,96.7719268798828,103.958610534668,104.646461486816,105.047462463379,..,..
Denmark,DNK,"School enrollment, secondary (% gross)",SE.SEC.ENRR,109.436141967773,109.547027587891,110.182281494141,111.57022857666,114.336059570313,117.87117767334,120.491348266602,..,123.475723266602,125.095207214355,126.987663269043,130.96403503418,126.258392333984,126.40030670166,123.585189819336,124.099716186523,119.999839782715,118.758583068848,117.84008026123,117.973930358887,119.495719909668,122.699020385742,123.408386230469,129.343475341797,129.336334228516,130.258605957031,129.119491577148,..
Djibouti,DJI,"School enrollment, secondary (% gross)",SE.SEC.ENRR,10.2191896438599,10.0286703109741,10.2650699615479,9.80323028564453,10.3620300292969,11.3285999298096,11.7808303833008,13.0107097625732,..,14.3362798690796,14.0442495346069,15.9978199005127,16.8106098175049,..,20.5296897888184,22.9377193450928,22.8409900665283,26.3830108642578,31.0648002624512,33.5214881896973,..,38.012020111084,40.7646408081055,42.0056610107422,42.8000183105469,43.2943687438965,44.4960784912109,44.1304206848145
Dominica,DMA,"School enrollment, secondary (% gross)",SE.SEC.ENRR,70.013671875,..,..,..,..,..,..,..,..,100.607093811035,105.660652160645,107.1572265625,110.342796325684,114.27725982666,109.746070861816,107.352096557617,104.399436950684,102.888191223145,100.564117431641,100.627700805664,96.9340972900391,96.7295989990234,..,..,97.1021881103516,100.487892150879,..,..
Dominican Republic,DOM,"School enrollment, secondary (% gross)",SE.SEC.ENRR,..,..,..,..,42.645191192627,43.9998817443848,..,..,54.1732215881348,55.7874603271484,59.037281036377,..,67.1970596313477,..,68.2000198364258,69.7449798583984,..,78.0833969116211,76.747673034668,78.5786666870117,76.0155868530273,75.6277618408203,76.3899612426758,77.5978775024414,78.3569030761719,77.8208465576172,77.1657409667969,..
Early-demographic dividend,EAR,"School enrollment, secondary (% gross)",SE.SEC.ENRR,42.15574,43.44313,44.75626,46.11901,46.97376,47.62454,48.19201,49.19735,49.37322,49.41853,50.73498,51.58769,53.2267,54.93246,56.13768,57.20371,58.51837,60.43098,61.89455,62.30876,64.60545,66.98363,68.97123,69.93312,72.94314,73.64035,74.68224,..
East Asia & Pacific,EAS,"School enrollment, secondary (% gross)",SE.SEC.ENRR,44.58115,46.22416,48.41904,50.42052,52.00375,54.98392,58.26939,60.33878,61.28559,62.02386,62.06748,62.1328,62.73627,64.43366,66.37281,67.91508,70.54927,74.71706,77.57577,80.79479,83.4322,85.64342,86.86741,88.67673,88.26242,88.43282,87.47354,..
East Asia & Pacific (excluding high income),EAP,"School enrollment, secondary (% gross)",SE.SEC.ENRR,39.49666,41.15906,43.52359,45.6849,47.22261,50.42217,53.94678,56.38003,57.63332,58.62696,58.85552,59.0977,59.86167,61.75586,63.85115,65.45692,68.20574,72.59696,75.56932,78.90567,81.62291,83.93194,85.12128,87.02118,86.55507,86.71849,85.72497,..
East Asia & Pacific (IDA & IBRD countries),TEA,"School enrollment, secondary (% gross)",SE.SEC.ENRR,38.79627,40.49702,42.88604,45.06019,46.59309,49.80362,53.3538,55.81595,57.1007,58.11601,58.36444,58.63017,59.41486,61.3328,63.44642,65.05866,67.82128,72.24491,75.23742,78.60367,81.3678,83.72312,84.94654,86.89186,86.43981,86.62789,85.61951,..
Ecuador,ECU,"School enrollment, secondary (% gross)",SE.SEC.ENRR,58.3411293029785,56.9947814941406,58.0602912902832,57.4146499633789,..,..,54.3139381408691,..,56.5208511352539,57.9562301635742,57.8467292785645,58.068920135498,59.0185813903809,58.5688781738281,59.2247695922852,61.8784484863281,64.196907043457,65.9169006347656,..,..,88.7387924194336,92.8492126464844,97.6966018676758,101.394660949707,104.477127075195,107.700393676758,107.223197937012,107.07852935791
"Egypt, Arab Rep.",EGY,"School enrollment, secondary (% gross)",SE.SEC.ENRR,72.2381591796875,72.8247528076172,67.6905288696289,68.2927474975586,73.3784637451172,71.1297225952148,68.8109130859375,72.7302932739258,..,78.0475692749023,79.3397979736328,80.2985000610352,79.5424728393555,79.2965316772461,78.9228591918945,..,..,..,..,66.6254196166992,69.1484680175781,78.9008636474609,80.7650985717773,82.7924118041992,83.1927795410156,..,85.9409484863281,..
El Salvador,SLV,"School enrollment, secondary (% gross)",SE.SEC.ENRR,..,39.6299781799316,42.0470314025879,44.8980102539063,..,..,..,..,56.0089492797852,56.643741607666,58.6035118103027,60.2967414855957,63.2069816589355,65.9788970947266,69.0138473510742,68.0296783447266,67.3260726928711,67.0135192871094,66.4369125366211,67.6085586547852,69.4153594970703,71.7969436645508,73.7277603149414,77.4966735839844,77.2346496582031,75.6780700683594,74.2922668457031,..
Equatorial Guinea,GNQ,"School enrollment, secondary (% gross)",SE.SEC.ENRR,..,..,..,26.8460006713867,23.9485702514648,..,..,..,..,23.2614192962646,23.3931007385254,21.9378509521484,22.6558208465576,..,..,25.9532794952393,..,..,..,..,..,..,..,..,..,..,..,..
Eritrea,ERI,"School enrollment, secondary (% gross)",SE.SEC.ENRR,..,..,..,14.3798799514771,15.4020299911499,16.3771800994873,17.2172298431396,18.4173603057861,..,22.0386791229248,24.808349609375,25.110559463501,26.1791305541992,27.0306091308594,27.73996925354,30.7289199829102,32.2993507385254,31.3666095733643,33.3875503540039,35.7372207641602,36.9184989929199,38.2418212890625,39.5912704467773,38.4906616210938,37.6846809387207,33.1420097351074,..,..
Estonia,EST,"School enrollment, secondary (% gross)",SE.SEC.ENRR,104.704170227051,102.096397399902,101.795021057129,97.3448486328125,99.036979675293,102.445381164551,92.8376007080078,..,94.3792724609375,93.717903137207,93.8278121948242,94.9530715942383,97.6867828369141,97.6746826171875,100.086898803711,102.789077758789,103.11190032959,103.249267578125,102.285682678223,102.767311096191,105.313682556152,107.368827819824,107.748840332031,108.012771606445,108.191513061523,110.859733581543,..,..
Ethiopia,ETH,"School enrollment, secondary (% gross)",SE.SEC.ENRR,..,13.8859596252441,12.1411399841309,10.8053503036499,10.433500289917,10.4656400680542,10.8288297653198,..,..,12.3662700653076,13.4813899993896,16.3665599822998,18.5781707763672,19.4635906219482,21.8695297241211,24.7079792022705,28.8046798706055,31.9636898040771,33.1867904663086,33.4748687744141,34.7915115356445,36.0258903503418,37.6580390930176,..,..,35.0997886657715,..,..
Euro area,EMU,"School enrollment, secondary (% gross)",SE.SEC.ENRR,93.98263,95.549,97.70175,101.41165,105.10929,105.62666,105.76058,105.12941,101.8683,102.05322,102.78636,104.02285,105.03879,105.71535,105.23137,107.13061,107.58566,107.4617,107.98091,108.04988,109.39652,110.02873,109.97443,110.9408,110.74579,111.15385,111.06395,..
Europe & Central Asia,ECS,"School enrollment, secondary (% gross)",SE.SEC.ENRR,90.90303,90.7468,90.82453,92.43092,93.40153,93.79824,93.70826,93.43755,92.80284,93.77452,94.50363,96.18468,97.35311,97.91995,95.73936,95.31874,95.62124,96.04408,96.32023,95.81303,97.61509,98.21774,98.65651,104.42119,105.20569,105.44887,105.69812,..
Europe & Central Asia (excluding high income),ECA,"School enrollment, secondary (% gross)",SE.SEC.ENRR,89.47544,87.89411,86.4009,84.97072,84.01186,84.61776,84.49311,84.59094,85.43194,86.73169,87.43941,89.56759,90.84517,91.357,88.52563,86.26453,87.28166,88.17599,88.11952,86.99504,89.03737,90.84097,91.78081,96.4472,97.68931,97.9786,98.52131,..
Europe & Central Asia (IDA & IBRD countries),TEC,"School enrollment, secondary (% gross)",SE.SEC.ENRR,89.36471,87.88803,86.52187,85.75168,84.94348,85.32671,85.21382,85.55188,86.37357,87.6755,88.39433,90.46385,91.79481,92.39409,89.16525,87.19557,88.08207,88.87969,88.76786,87.6427,89.51987,91.18894,92.06994,97.11545,98.21366,98.49813,99.02,..
European Union,EUU,"School enrollment, secondary (% gross)",SE.SEC.ENRR,92.62007,93.14452,94.28292,98.43648,101.10094,101.41964,101.67713,101.30176,99.30091,100.08217,100.9624,102.1757,103.29155,103.67884,102.41493,104.0572,103.48572,103.4499,104.1494,104.48866,105.90059,105.21861,105.02912,111.77532,111.96204,112.02071,111.83465,..
Faroe Islands,FRO,"School enrollment, secondary (% gross)",SE.SEC.ENRR,..,..,..,..,..,..,..,..,..,..,..,..,..,..,..,..,..,..,..,..,..,..,..,..,..,..,..,..
Fiji,FJI,"School enrollment, secondary (% gross)",SE.SEC.ENRR,..,76.6984710693359,80.7534484863281,..,..,..,..,..,78.768440246582,78.3449401855469,78.3440780639648,79.0683822631836,82.3452072143555,86.0428619384766,90.8510513305664,..,91.0067291259766,89.1513824462891,87.8596878051758,86.8751831054688,..,90.9470291137695,88.7216415405273,..,..,..,..,..
Finland,FIN,"School enrollment, secondary (% gross)",SE.SEC.ENRR,114.418876647949,116.247421264648,119.499992370605,116.379280090332,117.164176940918,115.379173278809,115.737129211426,117.575248718262,117.47859954834,120.41423034668,124.57893371582,127.124633789063,128.795074462891,131.544494628906,110.733131408691,111.789398193359,111.455657958984,110.112579345703,108.605690002441,107.475547790527,107.587692260742,108.097770690918,108.256019592285,144.299194335938,146.423187255859,150.007354736328,152.168426513672,..
Fragile and conflict affected situations,FCS,"School enrollment, secondary (% gross)",SE.SEC.ENRR,26.25928,26.70477,26.62476,26.78805,27.54021,28.52053,28.84387,29.20992,30.0662,30.41482,31.66493,32.25839,33.21039,35.09746,37.06157,37.95104,39.20023,39.5777,41.32776,42.61618,43.50939,44.09892,44.80704,43.99632,44.47143,45.05569,45.6465,..
French Polynesia,PYF,"School enrollment, secondary (% gross)",SE.SEC.ENRR,..,..,..,..,..,..,..,..,..,..,..,..,..,..,..,..,..,..,..,..,..,..,..,..,..,..,..,..
Gabon,GAB,"School enrollment, secondary (% gross)",SE.SEC.ENRR,..,..,..,..,38.9535789489746,41.5807800292969,49.2197113037109,49.7164306640625,..,47.920768737793,..,52.4706802368164,53.2119598388672,..,..,..,..,..,..,..,..,..,..,..,..,..,..,..
"Gambia, The",GMB,"School enrollment, secondary (% gross)",SE.SEC.ENRR,17.1864700317383,17.9575901031494,18.3012599945068,20.6737403869629,20.5494995117188,22.8157806396484,22.1987800598145,..,..,..,..,..,..,..,..,..,..,..,57.5767593383789,58.5150299072266,57.0955810546875,..,..,..,..,..,..,..
Georgia,GEO,"School enrollment, secondary (% gross)",SE.SEC.ENRR,..,96.0934829711914,90.5849761962891,80.5541381835938,79.4813003540039,77.5944290161133,78.8753814697266,79.3411331176758,..,78.2151184082031,77.8695373535156,78.5059204101563,79.2717971801758,80.5095367431641,77.3147430419922,79.9554290771484,81.810661315918,87.8483734130859,88.1404113769531,85.5371322631836,..,..,..,96.5140991210938,98.5005035400391,101.84391784668,104.280143737793,..
Ghana,GHA,"School enrollment, secondary (% gross)",SE.SEC.ENRR,35.9472312927246,..,..,..,..,35.8378410339355,..,..,..,35.4047317504883,35.6527404785156,33.9504585266113,35.3630218505859,36.6881484985352,39.2238883972168,41.1370697021484,42.6769218444824,46.4229888916016,48.333309173584,49.6228294372559,..,56.0793800354004,56.9594917297363,59.297721862793,56.0649795532227,59.4399490356445,60.3171081542969,60.4146003723145
Gibraltar,GIB,"School enrollment, secondary (% gross)",SE.SEC.ENRR,..,..,..,..,..,..,..,..,..,..,..,..,..,..,..,..,..,..,..,..,..,..,..,..,..,..,..,..
Greece,GRC,"School enrollment, secondary (% gross)",SE.SEC.ENRR,91.3905334472656,91.6982269287109,92.9851531982422,89.6507568359375,90.4053726196289,89.7926406860352,89.813232421875,89.1848983764648,88.9018020629883,88.045768737793,87.1555023193359,91.1835098266602,96.1060485839844,93.5402984619141,93.5922775268555,98.1442031860352,97.7527694702148,95.4496994018555,..,..,102.268569946289,99.4099731445313,100.733093261719,102.150512695313,99.1205978393555,99.3342208862305,..,..
Greenland,GRL,"School enrollment, secondary (% gross)",SE.SEC.ENRR,..,..,..,..,..,..,..,..,..,..,..,..,..,..,..,..,..,..,..,..,..,..,..,..,..,..,..,..
Grenada,GRD,"School enrollment, secondary (% gross)",SE.SEC.ENRR,91.1875915527344,99.8876113891602,102.485496520996,102.777496337891,..,..,..,..,..,..,..,..,108.051391601563,111.219223022461,103.54759979248,97.8022003173828,..,110.894119262695,110.140449523926,100.785751342773,107.799026489258,..,..,101.281150817871,100.859840393066,99.1585006713867,100.624450683594,..
Guam,GUM,"School enrollment, secondary (% gross)",SE.SEC.ENRR,..,..,..,..,..,..,..,..,..,..,..,..,..,..,..,..,..,..,..,..,..,..,..,..,..,..,..,..
Guatemala,GTM,"School enrollment, secondary (% gross)",SE.SEC.ENRR,..,21.9777202606201,..,23.5380992889404,24.4659404754639,24.6917705535889,24.4419498443604,24.536600112915,29.4989204406738,31.5449600219727,36.0487213134766,38.8404808044434,42.5582809448242,..,46.7591705322266,49.0453491210938,51.137809753418,53.0966300964355,54.0458183288574,56.3428993225098,62.0577507019043,62.7462882995605,63.1620903015137,63.2634696960449,62.5805816650391,64.4583969116211,63.5630493164063,..
Guinea,GIN,"School enrollment, secondary (% gross)",SE.SEC.ENRR,11.0920696258545,11.5087699890137,..,12.6541795730591,12.9420900344849,..,13.2415103912354,..,..,13.337459564209,..,17.8403205871582,20.4976100921631,22.2033500671387,24.4644508361816,29.1187000274658,32.6581993103027,..,34.3074493408203,..,..,38.5217781066895,38.7114181518555,..,40.302188873291,..,..,..
Guinea-Bissau,GNB,"School enrollment, secondary (% gross)",SE.SEC.ENRR,..,..,..,..,..,..,..,..,..,..,17.5328807830811,..,..,..,..,31.1513900756836,33.2513694763184,..,..,..,..,..,..,..,..,..,..,..
Guyana,GUY,"School enrollment, secondary (% gross)",SE.SEC.ENRR,..,..,..,..,..,..,..,..,..,80.688606262207,..,97.5249099731445,..,85.313117980957,..,85.2107467651367,..,81.8104400634766,82.8282699584961,86.2385635375977,89.9337768554688,97.919189453125,98.7474670410156,..,..,..,..,..
Haiti,HTI,"School enrollment, secondary (% gross)",SE.SEC.ENRR,..,..,..,..,..,..,..,..,..,..,..,..,..,..,..,..,..,..,..,..,..,..,..,..,..,..,..,..
Heavily indebted poor countries (HIPC),HPC,"School enrollment, secondary (% gross)",SE.SEC.ENRR,18.3092,18.49939,18.3675,18.3855,18.7894,19.32327,19.4042,19.53459,20.33107,20.99807,21.57009,22.67032,23.65907,24.69254,26.19598,27.63858,29.33332,30.96882,32.95054,34.60215,36.24846,37.57917,38.78553,39.4686,39.87676,40.33257,40.64792,..
High income,HIC,"School enrollment, secondary (% gross)",SE.SEC.ENRR,91.64656,92.87685,94.37919,97.22644,99.66279,99.81985,100.20243,100.07846,98.82881,98.87145,99.10243,99.86026,100.13428,100.81254,100.26426,101.05066,100.57002,100.51088,100.72081,100.85318,101.49863,101.63514,102.2207,105.85805,106.4652,107.10487,107.10393,..
Honduras,HND,"School enrollment, secondary (% gross)",SE.SEC.ENRR,..,31.9672908782959,..,31.4190902709961,..,..,..,..,..,..,..,..,..,..,..,..,58.0622291564941,60.2332382202148,60.5846710205078,..,68.1984786987305,68.2594223022461,67.2193222045898,64.91552734375,62.1099014282227,63.476390838623,64.5904083251953,..
"Hong Kong SAR, China",HKG,"School enrollment, secondary (% gross)",SE.SEC.ENRR,..,..,..,..,..,..,80.8691177368164,..,..,..,..,79.3698501586914,79.1097869873047,79.1533203125,80.4241714477539,81.582893371582,82.0219573974609,83.9448623657227,85.3000564575195,86.1838912963867,87.3218383789063,85.8976135253906,106.286262512207,100.616401672363,100.599281311035,101.427886962891,102.711540222168,..
Hungary,HUN,"School enrollment, secondary (% gross)",SE.SEC.ENRR,87.2726669311523,85.1661987304688,83.2771377563477,..,88.5181732177734,89.1080017089844,91.4106063842773,94.7310791015625,91.3177871704102,93.903938293457,96.1238784790039,98.4425735473633,100.08512878418,102.207221984863,95.944450378418,96.2551116943359,96.0805511474609,96.1588668823242,96.0371322631836,96.2456130981445,97.0752410888672,96.7863235473633,98.0401992797852,104.684700012207,104.155250549316,103.000839233398,102.270278930664,..
IBRD only,IBD,"School enrollment, secondary (% gross)",SE.SEC.ENRR,50.08663,51.5617,53.28965,55.01813,56.09188,57.4807,59.03723,60.35512,60.88296,61.10316,61.99588,62.35285,63.39335,64.63799,65.89513,67.18037,68.62198,71.06166,73.35939,74.45718,76.92098,79.24983,80.76504,82.05128,84.04978,83.94837,84.05358,..
Iceland,ISL,"School enrollment, secondary (% gross)",SE.SEC.ENRR,98.1789321899414,99.5674667358398,101.527046203613,102.582107543945,102.497619628906,102.76155090332,103.204933166504,..,111.381156921387,108.079330444336,106.457061767578,106.859230041504,111.955871582031,116.376182556152,110.086181640625,111.247253417969,111.005599975586,109.501998901367,108.584609985352,106.513816833496,107.314346313477,106.65030670166,110.022537231445,118.252098083496,118.615676879883,119.082733154297,..,..
IDA & IBRD total,IBT,"School enrollment, secondary (% gross)",SE.SEC.ENRR,44.89956,46.1405,47.52912,48.79464,49.59917,50.7339,51.91614,52.98235,53.45303,53.69701,54.54923,55.0586,56.07638,57.16795,58.29903,59.26351,60.56177,62.39381,64.20094,65.20719,67.1964,68.88127,70.13632,71.4623,72.46214,72.49031,72.74073,..
IDA blend,IDB,"School enrollment, secondary (% gross)",SE.SEC.ENRR,33.04846,34.12159,34.92258,34.17656,33.72402,33.4017,32.8944,32.51919,32.15583,31.87154,32.21894,33.34465,33.98047,34.99611,37.13573,37.58341,39.82179,40.73321,42.54353,44.03285,45.9632,46.95074,48.36006,51.91717,48.83372,49.92222,50.63041,..
IDA only,IDX,"School enrollment, secondary (% gross)",SE.SEC.ENRR,21.34636,22.19583,22.81146,23.38748,24.16229,25.35215,26.03291,26.75995,27.8747,28.77187,29.74579,30.82314,32.10362,33.42284,34.07479,34.89257,36.1824,37.15127,38.29507,39.91393,41.40285,42.40731,43.74324,44.27131,44.86804,45.622,46.79347,..
IDA total,IDA,"School enrollment, secondary (% gross)",SE.SEC.ENRR,25.33419,26.2725,26.96311,27.09655,27.45305,28.12898,28.4019,28.76143,29.35394,29.84722,30.606,31.70154,32.75801,33.96799,35.1327,35.82513,37.43771,38.38077,39.74463,41.31072,42.94001,43.92691,45.27811,46.7973,46.17769,47.0358,48.05249,..
"Iran, Islamic Rep.",IRN,"School enrollment, secondary (% gross)",SE.SEC.ENRR,53.1796913146973,54.7012481689453,58.3710289001465,63.3304595947266,67.9821929931641,70.6069107055664,..,74.4197082519531,..,77.9324035644531,78.4714889526367,77.8005523681641,77.5131301879883,76.5765762329102,76.058723449707,75.5586700439453,77.0381317138672,77.1329193115234,80.5710601806641,82.3557662963867,81.4720230102539,84.6264114379883,87.1883392333984,86.2369384765625,88.1012496948242,88.9458770751953,..,..
Iraq,IRQ,"School enrollment, secondary (% gross)",SE.SEC.ENRR,..,..,..,41.180549621582,..,..,38.8455505371094,..,..,34.6557197570801,37.5231399536133,37.6366004943848,..,42.2805404663086,47.7234992980957,..,..,53.5070114135742,..,..,..,..,..,..,..,..,..,..
Ireland,IRL,"School enrollment, secondary (% gross)",SE.SEC.ENRR,94.3128128051758,95.4944305419922,98.1124114990234,106.59578704834,108.365188598633,109.010040283203,108.570198059082,110.136367797852,100.493026733398,99.7473983764648,99.2785491943359,98.6901397705078,100.788101196289,103.859001159668,107.366546630859,109.365829467773,110.508728027344,112.704711914063,114.714477539063,118.717872619629,123.249137878418,121.880073547363,125.868408203125,..,126.941688537598,127.208488464355,126.150581359863,..
Isle of Man,IMN,"School enrollment, secondary (% gross)",SE.SEC.ENRR,..,..,..,..,..,..,..,..,..,..,..,..,..,..,..,..,..,..,..,..,..,..,..,..,..,..,..,..
Israel,ISR,"School enrollment, secondary (% gross)",SE.SEC.ENRR,88.722526550293,90.2138977050781,91.7745590209961,91.2033309936523,90.3375396728516,89.9875335693359,89.5265808105469,..,..,100.289543151855,102.993087768555,103.950340270996,106.035270690918,105.435592651367,104.517753601074,104.743949890137,104.895149230957,104.279159545898,102.889640808105,101.994689941406,102.04907989502,101.678169250488,101.04630279541,101.51490020752,101.850402832031,102.487243652344,104.046600341797,..
Jamaica,JAM,"School enrollment, secondary (% gross)",SE.SEC.ENRR,..,68.9422225952148,..,65.4021377563477,..,..,..,..,..,86.4313201904297,85.2884216308594,84.5342025756836,84.586540222168,84.6767807006836,89.9328994750977,89.6463394165039,..,92.3060913085938,93.5553512573242,94.5267028808594,91.7801132202148,91.6166305541992,..,82.0764389038086,81.6737365722656,80.599250793457,84.0953674316406,..
Jordan,JOR,"School enrollment, secondary (% gross)",SE.SEC.ENRR,73.5973510742188,75.7025833129883,78.0640411376953,78.2185668945313,79.3260879516602,..,81.6086578369141,..,..,82.4782333374023,82.2842178344727,..,84.9453277587891,85.4890823364258,85.0063934326172,85.014030456543,86.2814483642578,86.4694366455078,87.0223617553711,..,80.8931503295898,78.1686019897461,74.6855010986328,71.705436706543,70.0844421386719,..,..,..
Kazakhstan,KAZ,"School enrollment, secondary (% gross)",SE.SEC.ENRR,100.451148986816,98.1226577758789,96.7835922241211,94.6171188354492,92.9638900756836,..,..,90.9694900512695,89.3553619384766,92.3653030395508,92.7226104736328,..,..,..,..,..,98.712646484375,..,..,..,97.4352874755859,98.9508209228516,101.29695892334,102.018440246582,105.756378173828,109.449577331543,112.350051879883,113.073143005371
Kenya,KEN,"School enrollment, secondary (% gross)",SE.SEC.ENRR,..,..,..,..,..,..,..,..,..,38.6190490722656,39.4078216552734,40.5034217834473,41.1120796203613,43.1641311645508,47.1027488708496,47.6832084655762,49.5263900756836,51.6134185791016,57.601978302002,57.8434410095215,..,..,..,..,..,..,..,..
Kiribati,KIR,"School enrollment, secondary (% gross)",SE.SEC.ENRR,37.3507499694824,36.5664405822754,39.1852493286133,..,39.9546318054199,39.9354705810547,43.8706398010254,..,47.1133804321289,58.2814598083496,63.5483894348145,77.5405883789063,82.5135726928711,88.4086074829102,88.9614410400391,89.0417327880859,87.9679565429688,88.1072387695313,87.1360931396484,..,..,..,..,..,..,..,..,..
"Korea, Dem. People’s Rep.",PRK,"School enrollment, secondary (% gross)",SE.SEC.ENRR,..,..,..,..,..,..,..,..,..,..,..,..,..,..,..,..,..,..,..,102.095993041992,..,..,..,..,..,92.988037109375,..,..
Kosovo,XKX,"School enrollment, secondary (% gross)",SE.SEC.ENRR,..,..,..,..,..,..,..,..,..,..,..,..,..,..,..,..,..,..,..,..,..,..,..,..,..,..,..,..
Kuwait,KWT,"School enrollment, secondary (% gross)",SE.SEC.ENRR,83.5121536254883,..,52.9273910522461,61.0013618469238,71.8313598632813,84.3857803344727,95.2559432983398,94.8450469970703,93.2352905273438,92.2342376708984,90.9144973754883,91.2305221557617,..,97.8632583618164,101.954238891602,109.146278381348,104.609901428223,102.766677856445,99.2020263671875,97.7660675048828,97.8434295654297,96.7435073852539,95.8687896728516,94.4384002685547,93.3545074462891,97.532356262207,..,..
Kyrgyz Republic,KGZ,"School enrollment, secondary (% gross)",SE.SEC.ENRR,105.018623352051,102.396537780762,100.472511291504,96.5214462280273,90.7958526611328,88.1181182861328,77.5823287963867,..,..,83.9282302856445,84.7501373291016,85.7123489379883,84.8023376464844,89.8261108398438,88.2985076904297,86.600341796875,86.4886627197266,86.1933670043945,..,86.7486877441406,87.5064468383789,87.4997329711914,88.578498840332,89.5744705200195,92.0698699951172,93.3466873168945,97.5656433105469,..
Lao PDR,LAO,"School enrollment, secondary (% gross)",SE.SEC.ENRR,23.166130065918,..,20.2326793670654,22.0060901641846,23.8757591247559,24.5263195037842,24.7568302154541,26.7040901184082,29.0303802490234,32.0628318786621,34.1200103759766,35.9374008178711,38.6423797607422,41.3539390563965,43.1361312866211,43.5237007141113,42.6756286621094,43.2169494628906,43.9872817993164,45.2621612548828,46.8166618347168,45.7002410888672,48.9693794250488,53.2051200866699,59.008129119873,63.6042709350586,66.5323181152344,..
Late-demographic dividend,LTE,"School enrollment, secondary (% gross)",SE.SEC.ENRR,54.09063,56.08736,58.55869,60.6609,62.08283,64.58894,67.43831,69.04898,70.01707,70.57538,70.55229,70.2368,70.34752,70.69764,71.93413,73.49986,75.68525,78.84629,82.10112,84.94306,87.63207,89.67484,90.70519,93.24768,92.77377,92.21012,91.47718,..
Latin America & Caribbean,LCN,"School enrollment, secondary (% gross)",SE.SEC.ENRR,75.82532,76.25046,76.80965,76.71327,77.34526,78.35225,79.76085,80.56573,82.44798,83.64865,85.21369,86.00763,87.23691,85.12299,86.41864,86.83312,86.74324,86.36735,87.59568,88.33597,89.21796,89.39292,89.89443,93.60979,94.26949,94.27005,94.569,..
Latin America & Caribbean (excluding high income),LAC,"School enrollment, secondary (% gross)",SE.SEC.ENRR,75.7017,75.67142,76.26146,76.64918,77.29299,78.31458,79.74448,80.53227,82.48963,83.66995,85.17112,85.92566,87.12728,84.83515,86.14302,86.54053,86.43117,86.09848,87.4099,88.23762,89.15474,89.34484,89.87817,93.47518,94.14597,94.10462,94.42057,..
Latin America & the Caribbean (IDA & IBRD countries),TLA,"School enrollment, secondary (% gross)",SE.SEC.ENRR,75.47434,75.92595,76.54075,76.5098,77.25156,78.3254,79.70291,80.52241,82.4503,83.68117,85.23789,86.01897,87.21518,85.00938,86.34883,86.74965,86.63925,86.2603,87.52747,88.30947,89.21905,89.41703,89.92837,93.68711,94.27253,94.23016,94.53547,..
Latvia,LVA,"School enrollment, secondary (% gross)",SE.SEC.ENRR,95.4625091552734,92.8738479614258,90.4628219604492,89.0458679199219,89.2563171386719,88.8686981201172,87.078498840332,85.3688812255859,86.8295974731445,87.7525634765625,90.371696472168,92.5361709594727,94.381477355957,95.082160949707,97.3523483276367,99.4835891723633,99.3098373413086,100.775329589844,101.257369995117,94.8315124511719,95.810661315918,97.1215362548828,97.851692199707,108.609756469727,111.130409240723,112.230293273926,..,..
Least developed countries: UN classification,LDC,"School enrollment, secondary (% gross)",SE.SEC.ENRR,17.90277,18.88112,19.67221,20.42842,21.46242,22.77667,23.64065,24.38472,25.58347,26.50244,27.50668,28.63142,29.88173,30.5544,31.08611,31.80978,33.12885,34.09361,35.29021,37.05252,38.61931,39.57339,40.97303,42.29586,43.09358,43.71821,44.87128,..
Lebanon,LBN,"School enrollment, secondary (% gross)",SE.SEC.ENRR,..,..,68.895622253418,..,70.311767578125,74.6586532592773,77.4839630126953,80.0148086547852,89.8120422363281,90.2875823974609,92.7498931884766,89.4165573120117,89.2202911376953,87.7023620605469,84.5093688964844,80.4899826049805,77.2929077148438,76.4503021240234,76.1580276489258,77.3544311523438,75.28125,76.133056640625,71.0932083129883,68.3109588623047,61.7941589355469,61.302188873291,60.0022506713867,..
Lesotho,LSO,"School enrollment, secondary (% gross)",SE.SEC.ENRR,25.1778297424316,24.7266292572021,26.2177295684814,27.3222007751465,29.8404197692871,31.4714603424072,31.2460403442383,32.506519317627,32.071231842041,32.2843818664551,32.2215995788574,34.0823516845703,35.0840682983398,35.6489295959473,37.7180480957031,39.387939453125,39.8653106689453,42.045711517334,44.1430892944336,47.3243293762207,50.9349212646484,52.4883995056152,53.6254386901855,51.8954315185547,52.1450119018555,53.5389289855957,52.3193893432617,..
Liberia,LBR,"School enrollment, secondary (% gross)",SE.SEC.ENRR,..,..,..,..,..,..,..,..,..,31.5842609405518,35.2974395751953,..,..,..,..,..,..,..,..,..,..,45.2694702148438,..,..,37.9709815979004,37.3972091674805,..,..
Libya,LBY,"School enrollment, secondary (% gross)",SE.SEC.ENRR,..,..,..,..,..,..,..,..,..,..,..,..,107.588943481445,103.891822814941,..,92.4680862426758,97.8884811401367,..,..,..,..,..,..,..,..,..,..,..
Liechtenstein,LIE,"School enrollment, secondary (% gross)",SE.SEC.ENRR,..,..,..,..,..,..,..,..,..,..,..,..,..,111.66381072998,110.761421203613,..,107.011070251465,106.342277526855,107.566116333008,105.68448638916,108.879280090332,111.456573486328,110.373863220215,..,115.557830810547,116.123443603516,116.028373718262,..
Lithuania,LTU,"School enrollment, secondary (% gross)",SE.SEC.ENRR,95.0048294067383,91.9470062255859,88.8399963378906,84.3830795288086,82.8660202026367,84.2398834228516,87.6479873657227,90.6973571777344,92.6184616088867,95.6521072387695,97.8568267822266,99.683723449707,102.68187713623,105.157989501953,102.916870117188,103.192169189453,102.627777099609,101.991470336914,101.474906921387,100.866836547852,101.24031829834,101.135070800781,100.849807739258,103.606658935547,103.561470031738,103.594131469727,103.237831115723,..
Low & middle income,LMY,"School enrollment, secondary (% gross)",SE.SEC.ENRR,44.82615,46.00088,47.37535,48.6344,49.42066,50.57392,51.76987,52.84402,53.292,53.52826,54.37992,54.89015,55.91119,57.00631,58.19129,59.15641,60.47077,62.31961,64.13976,65.15808,67.14859,68.83298,70.08897,71.35173,72.36355,72.39109,72.64721,..
Low income,LIC,"School enrollment, secondary (% gross)",SE.SEC.ENRR,19.88742,19.79668,19.35415,19.24533,19.67814,20.46348,20.77356,20.83385,21.65301,21.96444,22.55138,23.64425,24.8206,25.56316,27.00579,28.50521,30.30984,31.49106,33.6729,35.02555,36.72137,38.04955,39.0871,39.49243,39.81922,39.79977,40.02384,..
Lower middle income,LMC,"School enrollment, secondary (% gross)",SE.SEC.ENRR,40.17174,41.39708,42.62461,43.75131,44.37434,44.75372,45.09998,46.0558,45.7915,45.44254,46.70056,47.26528,48.70206,50.58765,51.84988,52.83293,53.8232,55.7381,57.25966,57.75957,60.13508,62.30518,64.35285,65.24342,67.39308,67.95826,68.99507,..
Luxembourg,LUX,"School enrollment, secondary (% gross)",SE.SEC.ENRR,..,..,68.932746887207,72.2158432006836,75.4294967651367,82.8705520629883,88.043830871582,90.091667175293,90.6524276733398,97.3967971801758,97.0641937255859,97.2367706298828,96.2585906982422,96.1102981567383,95.4637908935547,95.362663269043,95.9055709838867,96.7267532348633,97.524040222168,..,101.34375,101.0224609375,100.233383178711,102.426933288574,102.275848388672,101.966613769531,..,..
"Macao SAR, China",MAC,"School enrollment, secondary (% gross)",SE.SEC.ENRR,61.1133499145508,..,72.2311019897461,76.1696624755859,..,..,..,..,..,79.5361480712891,83.0035934448242,85.7624206542969,85.5064163208008,85.666633605957,86.9148406982422,86.161003112793,87.0478134155273,87.8047790527344,83.6851425170898,84.5236282348633,87.6390075683594,91.1459426879883,91.8878631591797,92.2819519042969,93.2805633544922,94.8818969726563,99.3364868164063,..
"Macedonia, FYR",MKD,"School enrollment, secondary (% gross)",SE.SEC.ENRR,..,..,..,75.1291732788086,75.3996429443359,76.5242233276367,77.5651092529297,78.1969833374023,79.2582473754883,80.2008514404297,81.3481979370117,81.6126174926758,80.9037017822266,81.558967590332,81.3191375732422,81.5253982543945,..,81.5699768066406,81.2295989990234,81.0099029541016,82.1963729858398,..,82.3934326171875,80.9506607055664,80.5687713623047,81.891227722168,..,..
Madagascar,MDG,"School enrollment, secondary (% gross)",SE.SEC.ENRR,18.5787906646729,..,..,..,..,..,..,..,..,..,..,..,..,..,..,21.4661102294922,24.2575607299805,26.8346900939941,29.3614292144775,30.6508197784424,..,36.7478790283203,38.1118011474609,..,38.3542213439941,38.5123100280762,38.3115882873535,..
Malawi,MWI,"School enrollment, secondary (% gross)",SE.SEC.ENRR,16.2083206176758,16.6753692626953,19.2141399383545,18.2924003601074,16.3261795043945,23.9901504516602,24.9972095489502,..,32.0773811340332,36.1002388000488,30.1407108306885,30.7459201812744,29.5254993438721,..,26.8966903686523,26.6668090820313,28.427640914917,28.0996704101563,30.311990737915,30.856029510498,32.035228729248,33.0766983032227,33.3261489868164,36.3356781005859,38.1078186035156,38.7623405456543,37.3807601928711,..
Malaysia,MYS,"School enrollment, secondary (% gross)",SE.SEC.ENRR,63.38330078125,64.4967498779297,65.5870513916016,64.5142288208008,64.7650680541992,64.8141937255859,66.4280014038086,67.0106964111328,..,..,..,..,..,..,..,..,..,..,..,..,..,..,..,..,84.7039794921875,84.9731826782227,85.1648025512695,..
Maldives,MDV,"School enrollment, secondary (% gross)",SE.SEC.ENRR,..,..,..,..,50.3717498779297,52.8857002258301,56.0909996032715,65.0079116821289,34.3178901672363,40.0181617736816,51.273509979248,60.8210983276367,61.2947692871094,68.4121170043945,69.0927429199219,..,..,..,..,..,..,..,..,..,..,..,..,..
Mali,MLI,"School enrollment, secondary (% gross)",SE.SEC.ENRR,6.79271984100342,7.22616004943848,8.26615047454834,8.37485980987549,9.56982040405273,10.729229927063,11.2730197906494,12.2818298339844,13.3648195266724,15.102689743042,17.4449901580811,..,..,22.0977306365967,23.9577693939209,25.7875194549561,27.6531295776367,30.2407302856445,33.655948638916,36.587760925293,39.1967506408691,41.1422386169434,..,41.7378387451172,43.9408416748047,41.6528205871582,42.9292182922363,..
Malta,MLT,"School enrollment, secondary (% gross)",SE.SEC.ENRR,81.2334136962891,81.568000793457,85.0340270996094,84.8796234130859,85.1460266113281,86.2682723999023,85.1078262329102,86.5650863647461,87.6535263061523,87.6368713378906,89.7474822998047,90.592041015625,91.1941604614258,93.4519424438477,104.991493225098,102.484931945801,98.6134719848633,100.203010559082,100.135200500488,..,103.987350463867,93.3601837158203,93.8521118164063,93.8378067016602,94.2537307739258,94.8015975952148,95.7285385131836,..
Marshall Islands,MHL,"School enrollment, secondary (% gross)",SE.SEC.ENRR,..,..,..,..,..,..,..,..,..,67.7624816894531,..,..,73.0062103271484,71.2560119628906,77.6155090332031,75.6834487915039,83.9824829101563,93.1148071289063,100.714286804199,102.892562866211,..,..,..,..,..,76.6118774414063,72.9926986694336,..
Mauritania,MRT,"School enrollment, secondary (% gross)",SE.SEC.ENRR,13.4214296340942,13.1591300964355,13.575909614563,14.2943496704102,14.8033504486084,15.3833103179932,15.7645702362061,15.5476598739624,16.3177795410156,17.2630290985107,17.8382797241211,20.272439956665,20.2837600708008,21.196870803833,21.7749900817871,22.1618804931641,23.0547695159912,..,18.7473697662354,20.0440807342529,20.2317199707031,22.2645492553711,26.4328804016113,29.125560760498,29.6794490814209,30.3444595336914,31.5697193145752,..
Mauritius,MUS,"School enrollment, secondary (% gross)",SE.SEC.ENRR,52.4094886779785,..,58.2124290466309,..,..,..,66.7571334838867,68.3721389770508,72.1139678955078,74.9816284179688,76.8169326782227,78.6691818237305,81.0338973999023,84.6057510375977,85.9209976196289,88.6555633544922,87.5284271240234,88.3811798095703,88.0473327636719,88.7987213134766,89.2469635009766,90.9269409179688,92.9900665283203,96.0388717651367,99.9038467407227,97.3696670532227,93.3692932128906,..
"Micronesia, Fed. Sts.",FSM,"School enrollment, secondary (% gross)",SE.SEC.ENRR,..,..,..,..,..,..,..,..,..,..,..,..,..,..,82.5096206665039,83.2204132080078,..,..,..,..,..,..,..,..,..,..,..,..
Middle East & North Africa,MEA,"School enrollment, secondary (% gross)",SE.SEC.ENRR,56.28668,56.71952,56.59143,58.28324,61.07518,61.66111,62.04984,63.66188,65.3178,66.9798,68.17085,69.135,69.96021,70.95614,72.10993,72.00425,72.30414,71.46164,72.5842,74.23393,75.28623,78.79358,79.95354,78.01194,78.88448,79.27824,79.68396,..
Middle East & North Africa (excluding high income),MNA,"School enrollment, secondary (% gross)",SE.SEC.ENRR,55.67448,56.07805,55.88953,57.48951,60.29048,60.68678,60.91892,62.50795,64.13385,65.75472,66.85693,67.73329,68.40958,69.32067,70.38204,70.05387,70.24319,69.15481,70.1902,71.78806,72.54703,76.07619,77.06076,74.46701,75.13615,75.533,75.96522,..
Middle East & North Africa (IDA & IBRD countries),TMN,"School enrollment, secondary (% gross)",SE.SEC.ENRR,55.51565,55.92161,55.72984,57.34959,60.186,60.58688,60.7924,62.37063,63.99341,65.61001,66.69564,67.55345,68.203,69.08528,70.09661,69.7341,69.89355,68.78587,69.8524,71.4894,72.29073,75.91885,76.93538,74.29179,74.97494,75.36174,75.78892,..
Middle income,MIC,"School enrollment, secondary (% gross)",SE.SEC.ENRR,46.90121,48.23364,49.81237,51.2389,52.11946,53.35217,54.67992,55.85232,56.34217,56.60158,57.49302,57.97134,59.00465,60.18714,61.42066,62.42343,63.80371,65.86233,67.78785,68.90942,71.09261,72.99394,74.42772,75.96,77.22414,77.39392,77.77899,..
Moldova,MDA,"School enrollment, secondary (% gross)",SE.SEC.ENRR,94.0149230957031,90.4453201293945,87.1765670776367,84.6674880981445,83.7124786376953,81.7850494384766,80.3223724365234,79.8057098388672,..,82.9105834960938,81.591423034668,81.46826171875,83.4444122314453,85.0727462768555,86.8843383789063,88.0625228881836,89.3221206665039,88.5539093017578,88.2347564697266,88.5966415405273,87.9811325073242,87.719367980957,88.1958694458008,88.336051940918,87.3207626342773,86.1081237792969,..,..
Monaco,MCO,"School enrollment, secondary (% gross)",SE.SEC.ENRR,..,..,..,..,..,..,..,..,..,..,..,..,..,..,..,..,..,..,..,..,..,..,..,..,..,..,..,..
Mongolia,MNG,"School enrollment, secondary (% gross)",SE.SEC.ENRR,88.7091598510742,84.635856628418,76.9515533447266,67.313606262207,66.0578002929688,62.6953392028809,63.4088897705078,61.0430603027344,61.8939781188965,61.1239013671875,65.1189117431641,71.6680068969727,75.9813232421875,82.7893371582031,87.8221893310547,90.2908706665039,89.8732070922852,..,..,97.6640396118164,91.5779571533203,..,..,..,..,91.3917770385742,100.291160583496,..
Montenegro,MNE,"School enrollment, secondary (% gross)",SE.SEC.ENRR,..,..,..,..,..,..,..,..,..,..,..,..,..,92.9562225341797,93.440803527832,94.4857711791992,95.5581436157227,95.7543411254883,95.3936614990234,97.5223999023438,100.360389709473,93.3797073364258,93.1455993652344,..,..,92.7051315307617,90.5309066772461,..
Morocco,MAR,"School enrollment, secondary (% gross)",SE.SEC.ENRR,37.2892799377441,35.6288986206055,36.3035087585449,36.7997093200684,37.8407783508301,37.9924583435059,37.983829498291,38.0115814208984,36.5642318725586,36.9039611816406,38.5552597045898,40.3274192810059,42.6779289245605,44.9049606323242,48.2495498657227,50.0484199523926,52.7974090576172,55.8705215454102,58.0167617797852,60.8319282531738,63.1913299560547,66.4410171508789,69.6988067626953,..,..,..,..,..
Mozambique,MOZ,"School enrollment, secondary (% gross)",SE.SEC.ENRR,7.02161979675293,7.03726005554199,6.77993011474609,6.83388996124268,6.92648983001709,7.41686010360718,..,..,..,5.21012020111084,6.11156988143921,6.89015007019043,8.51945018768311,..,10.8457298278809,13.1918096542358,15.380069732666,17.9523296356201,20.0191593170166,22.5848197937012,24.4790306091309,25.2296390533447,24.7730197906494,33.1665687561035,32.5639610290527,32.8822784423828,..,..
Myanmar,MMR,"School enrollment, secondary (% gross)",SE.SEC.ENRR,20.0453796386719,22.1863193511963,24.0161590576172,24.1918106079102,25.330249786377,28.6160297393799,..,..,..,33.5795211791992,37.3784713745117,38.392749786377,40.1940002441406,40.9245109558105,44.2190589904785,45.3868598937988,47.4752998352051,47.4987487792969,49.9357414245605,49.335578918457,49.5325584411621,..,..,..,52.4814300537109,..,..,60.5077781677246
Namibia,NAM,"School enrollment, secondary (% gross)",SE.SEC.ENRR,37.9650611877441,43.1891288757324,48.357421875,51.7556991577148,55.7463417053223,55.4182891845703,54.9914588928223,56.0972213745117,55.5922508239746,57.4465103149414,60.2255897521973,64.4154510498047,63.8590393066406,63.5788803100586,63.4334983825684,63.4012298583984,63.4875183105469,64.6147308349609,..,..,..,..,..,..,..,..,..,..
Nauru,NRU,"School enrollment, secondary (% gross)",SE.SEC.ENRR,..,..,..,..,..,..,..,..,..,..,47.1174392700195,44.6629219055176,42.9213485717773,48.7160110473633,38.9570617675781,47.2440910339355,63.6221694946289,53.5353507995605,62.8659515380859,..,..,..,79.2785186767578,..,82.7697296142578,..,77.7429504394531,..
Nepal,NPL,"School enrollment, secondary (% gross)",SE.SEC.ENRR,33.2694206237793,35.1675109863281,37.7229309082031,38.9808311462402,39.3140182495117,41.1850204467773,44.3309898376465,..,..,34.5616416931152,36.0630493164063,39.2962188720703,43.798770904541,45.014030456543,..,48.5376892089844,45.7338104248047,45.4822311401367,51.7976684570313,52.7900009155273,58.8267211914063,61.239631652832,64.7428131103516,65.9864501953125,66.8816528320313,67.1409225463867,69.4974365234375,71.20947265625
New Caledonia,NCL,"School enrollment, secondary (% gross)",SE.SEC.ENRR,..,..,..,..,..,..,..,..,..,..,..,..,..,..,..,..,..,..,..,..,..,..,..,..,..,..,..,..
New Zealand,NZL,"School enrollment, secondary (% gross)",SE.SEC.ENRR,88.6032028198242,91.7980880737305,94.2658920288086,101.955268859863,109.473609924316,113.445663452148,115.629287719727,114.783569335938,112.556968688965,111.261619567871,110.762268066406,111.727119445801,116.086700439453,118.774490356445,116.586776733398,120.247650146484,118.430801391602,119.35179901123,117.097030639648,124.659362792969,119.064720153809,118.510353088379,117.111053466797,115.262237548828,115.383018493652,114.74609375,114.332427978516,..
Nicaragua,NIC,"School enrollment, secondary (% gross)",SE.SEC.ENRR,37.0642318725586,43.3349418640137,43.5089111328125,44.1590003967285,44.8536987304688,46.4747695922852,..,..,47.1005783081055,51.9361381530762,53.1887588500977,56.0912895202637,60.4544296264648,..,65.4415130615234,68.7967834472656,70.1669387817383,73.9753189086914,73.0175170898438,..,74.1884689331055,..,..,..,..,..,..,..
Niger,NER,"School enrollment, secondary (% gross)",SE.SEC.ENRR,6.20412015914917,6.70833015441895,6.42553997039795,6.37534999847412,..,..,6.38946008682251,6.58626985549927,6.53674983978271,6.77826976776123,6.67694997787476,6.57247018814087,6.61913013458252,7.2279200553894,8.77429962158203,9.69340038299561,11.1049604415894,10.7325601577759,11.1257495880127,11.7049798965454,13.3735303878784,14.2172803878784,15.434100151062,16.6676006317139,18.6600799560547,20.5617694854736,23.5973796844482,..
Nigeria,NGA,"School enrollment, secondary (% gross)",SE.SEC.ENRR,24.7137699127197,..,..,..,..,..,..,..,..,23.536169052124,24.5931606292725,27.0161590576172,29.594820022583,..,34.9775581359863,34.9386596679688,34.4388618469238,31.851619720459,35.3688583374023,39.2142181396484,44.198299407959,45.537181854248,47.1605415344238,56.1798706054688,..,..,..,..
North America,NAC,"School enrollment, secondary (% gross)",SE.SEC.ENRR,92.05582,92.24101,94.58736,96.98826,98.32325,97.1897,97.10927,97.1183,97.12427,95.88122,94.72163,95.01258,93.97084,95.12392,95.23081,95.09226,94.66239,95.14398,95.07401,94.69057,93.86014,94.56978,95.5413,96.06636,97.09862,98.36607,98.53372,..
Northern Mariana Islands,MNP,"School enrollment, secondary (% gross)",SE.SEC.ENRR,..,..,..,..,..,..,..,..,..,..,..,..,..,..,..,..,..,..,..,..,..,..,..,..,..,..,..,..
Norway,NOR,"School enrollment, secondary (% gross)",SE.SEC.ENRR,100.889762878418,102.869873046875,105.393981933594,112.966087341309,124.664772033691,115.819602966309,115.603889465332,117.424461364746,117.600959777832,119.270050048828,116.063636779785,113.80094909668,112.373207092285,113.463531494141,115.380111694336,113.759490966797,113.944648742676,113.579238891602,112.572822570801,111.310943603516,112.605171203613,112.187606811523,110.580612182617,113.196151733398,112.770469665527,112.985733032227,114.276786804199,..
Not classified,INX,"School enrollment, secondary (% gross)",SE.SEC.ENRR,..,..,..,..,..,..,..,..,..,..,..,..,..,..,..,..,..,..,..,..,..,..,..,..,..,..,..,..
OECD members,OED,"School enrollment, secondary (% gross)",SE.SEC.ENRR,85.39821,86.37337,87.73662,90.39583,92.68908,93.20681,93.67231,93.81231,93.53005,94.11999,94.67453,96.17265,96.92852,97.98193,97.34898,97.82808,97.88153,98.13273,98.30182,97.37348,98.09919,98.40797,98.54147,103.00267,104.11317,105.03874,105.28544,..
Oman,OMN,"School enrollment, secondary (% gross)",SE.SEC.ENRR,42.1741981506348,46.792350769043,51.6511917114258,57.0038604736328,62.2450103759766,65.3805313110352,68.2221984863281,68.0564804077148,70.3867874145508,73.7539215087891,78.2313995361328,82.0547180175781,84.2254180908203,85.8495330810547,..,87.6929016113281,87.5575103759766,90.3887634277344,93.9611282348633,99.4579925537109,..,99.5835723876953,100.150527954102,99.7564086914063,..,103.312927246094,107.132591247559,..
Other small states,OSS,"School enrollment, secondary (% gross)",SE.SEC.ENRR,44.32334,45.71475,46.64765,47.97452,48.73186,50.30953,50.85664,52.33761,52.44392,53.08687,54.20021,55.41621,56.81048,58.13542,60.01279,61.16832,62.01997,62.95958,63.14839,64.42483,65.25622,65.25647,65.2532,65.31427,66.10309,66.82197,66.8928,..
Pacific island small states,PSS,"School enrollment, secondary (% gross)",SE.SEC.ENRR,62.53517,63.62581,65.56563,65.79142,65.64888,65.61361,65.48965,65.04681,62.87675,63.7304,62.77204,64.31224,67.57708,69.2504,70.10269,69.74714,71.28866,71.26932,72.3305,73.50965,75.60263,75.50627,73.88274,73.52624,..,..,..,..
Pakistan,PAK,"School enrollment, secondary (% gross)",SE.SEC.ENRR,21.9827404022217,25.2409706115723,28.30784034729,..,..,..,..,..,..,..,..,..,..,22.8129005432129,25.2150192260742,26.4349193572998,32.163459777832,34.622371673584,35.0844688415527,35.1753807067871,35.7569313049316,36.613639831543,38.1780891418457,39.7106895446777,41.5108795166016,44.3866081237793,46.1091804504395,..
Palau,PLW,"School enrollment, secondary (% gross)",SE.SEC.ENRR,..,..,..,..,..,..,..,..,..,..,..,..,..,103.227272033691,98.7831420898438,98.6335372924805,100.726982116699,95.737190246582,..,..,..,..,..,116.841369628906,115.229888916016,..,..,..
Panama,PAN,"School enrollment, secondary (% gross)",SE.SEC.ENRR,58.9227981567383,59.1167297363281,59.5213394165039,60.6681709289551,60.8889999389648,62.6241912841797,63.5157203674316,..,..,64.397590637207,64.8779602050781,66.9725875854492,68.2705230712891,..,67.8378219604492,67.9931411743164,67.7324829101563,67.9591522216797,68.7937088012695,69.9982681274414,71.3039779663086,70.8630599975586,..,75.2811584472656,75.0268325805664,75.8021011352539,..,..
Papua New Guinea,PNG,"School enrollment, secondary (% gross)",SE.SEC.ENRR,11.2079801559448,11.3659000396729,11.2342901229858,12.2119398117065,12.7616300582886,11.7748098373413,..,..,18.6409492492676,..,..,..,..,..,..,..,..,..,..,..,..,..,39.7798690795898,..,..,..,..,..
Paraguay,PRY,"School enrollment, secondary (% gross)",SE.SEC.ENRR,31.0096397399902,31.1098594665527,34.3080711364746,36.8493614196777,38.5557594299316,41.3587799072266,43.9526214599609,47.6315383911133,52.0096092224121,58.7380294799805,62.1094207763672,66.2301712036133,68.0779876708984,65.9305114746094,67.0841827392578,66.9191436767578,66.3556518554688,66.2415313720703,67.1828765869141,67.4897537231445,68.3234710693359,70.3910903930664,76.5744094848633,..,..,..,..,..
Peru,PER,"School enrollment, secondary (% gross)",SE.SEC.ENRR,67.0895690917969,66.3283767700195,65.0670394897461,64.9128189086914,68.7442169189453,69.6036529541016,71.907958984375,72.6070938110352,81.0061721801758,82.3839416503906,84.6956100463867,87.5555877685547,88.6456832885742,81.4024505615234,84.5792083740234,85.4472885131836,88.0718383789063,90.5201797485352,91.0484924316406,93.4016265869141,94.7000579833984,95.2074966430664,93.430549621582,97.8962020874023,95.6203994750977,95.7445220947266,98.014762878418,..
Philippines,PHL,"School enrollment, secondary (% gross)",SE.SEC.ENRR,71.9850387573242,71.514289855957,72.9204635620117,74.874641418457,75.9854431152344,77.3021011352539,76.2951507568359,76.0204086303711,74.6767120361328,74.3483276367188,..,74.6766586303711,79.1376876831055,81.2302093505859,83.2806167602539,82.8550872802734,81.2246017456055,81.1928863525391,81.9459228515625,84.1245193481445,..,..,..,87.5981979370117,..,88.3347930908203,..,..
Poland,POL,"School enrollment, secondary (% gross)",SE.SEC.ENRR,87.9334182739258,87.8101501464844,88.045768737793,95.4760437011719,96.4238510131836,93.9903717041016,93.9302673339844,97.15966796875,97.6811370849609,99.1022033691406,100.117973327637,101.642509460449,103.808158874512,105.707870483398,97.5637512207031,99.5942077636719,98.6689682006836,98.118522644043,97.2089080810547,96.3135604858398,96.0064315795898,95.9167098999023,96.0722427368164,106.924438476563,106.148811340332,106.610473632813,107.075820922852,..
Portugal,PRT,"School enrollment, secondary (% gross)",SE.SEC.ENRR,59.651538848877,67.0289001464844,77.2953872680664,93.2095336914063,99.4214706420898,102.429046630859,105.384819030762,..,105.146156311035,102.875709533691,104.078659057617,105.128761291504,106.65731048584,105.821060180664,94.483642578125,97.3425674438477,97.9160537719727,101.381980895996,103.123062133789,105.345222473145,106.213760375977,106.072616577148,108.200019836426,118.895790100098,115.545562744141,118.231536865234,117.502548217773,..
Post-demographic dividend,PST,"School enrollment, secondary (% gross)",SE.SEC.ENRR,93.25435,94.12,95.56531,98.26733,100.6036,100.92121,101.49593,101.15637,99.99898,99.98167,100.12982,100.82803,100.95717,101.45284,100.91639,101.36582,100.99414,100.93029,101.16483,101.23442,101.71094,101.6145,102.2039,105.41483,106.03336,106.24146,106.29739,..
Pre-demographic dividend,PRE,"School enrollment, secondary (% gross)",SE.SEC.ENRR,20.32595,20.41978,20.42094,20.4705,20.74252,21.08377,21.03756,20.99839,21.45169,21.78472,22.5925,23.81016,24.89542,26.30087,28.12066,28.94906,29.99065,30.64306,33.28673,35.48443,37.64373,38.67376,39.78091,42.20253,40.41106,40.83211,41.10418,..
Puerto Rico,PRI,"School enrollment, secondary (% gross)",SE.SEC.ENRR,..,..,..,..,..,..,..,..,..,..,..,..,..,..,..,..,..,..,..,85.2570877075195,83.032341003418,78.4130401611328,79.4693832397461,80.8292999267578,81.1502304077148,86.5018081665039,..,..
Qatar,QAT,"School enrollment, secondary (% gross)",SE.SEC.ENRR,80.0563812255859,81.4598770141602,80.6949310302734,88.750602722168,90.8867797851563,92.6149215698242,91.7375793457031,..,87.7543411254883,88.1589126586914,91.3932723999023,88.2858581542969,91.4860305786133,97.6200790405273,100.914627075195,99.0998229980469,93.9825134277344,84.0577697753906,87.8612976074219,91.6705703735352,101.146118164063,110.231658935547,84.9663314819336,76.9401626586914,83.8008117675781,91.172492980957,92.5331573486328,..
Romania,ROU,"School enrollment, secondary (% gross)",SE.SEC.ENRR,98.6848831176758,88.5295562744141,82.0019836425781,77.7551574707031,74.9798812866211,73.6468963623047,74.3496398925781,75.5084686279297,76.6124725341797,78.4190826416016,79.2709121704102,80.5020065307617,82.3538970947266,82.7530136108398,82.7527694702148,83.6954116821289,84.990852355957,88.2940826416016,93.4758987426758,95.3342895507813,97.2044219970703,97.3862762451172,96.2415771484375,95.1124572753906,92.6769409179688,90.9264373779297,88.949089050293,..
Rwanda,RWA,"School enrollment, secondary (% gross)",SE.SEC.ENRR,16.2597599029541,16.2558994293213,15.6924200057983,..,..,..,..,..,..,9.33950042724609,10.7038497924805,10.9558401107788,11.7437696456909,13.1216602325439,14.8632402420044,16.3421096801758,18.3837699890137,20.9198799133301,22.8545799255371,27.3777694702148,32.9878883361816,36.6591796875,38.8643188476563,40.7827682495117,39.7998008728027,37.3513488769531,36.6498908996582,..
Samoa,WSM,"School enrollment, secondary (% gross)",SE.SEC.ENRR,..,..,..,..,76.4757537841797,75.8783493041992,74.4003372192383,111.666496276855,77.9020462036133,78.9859771728516,78.4775772094727,80.412483215332,81.5070190429688,83.7186889648438,83.5936431884766,82.9504165649414,83.7396087646484,83.8886032104492,..,86.1240921020508,87.6504516601563,86.3677673339844,85.7018280029297,..,86.8340301513672,84.9310607910156,84.265869140625,..
San Marino,SMR,"School enrollment, secondary (% gross)",SE.SEC.ENRR,..,..,..,..,..,..,..,..,..,..,..,..,..,..,..,..,..,..,..,95.5685577392578,97.2095031738281,94.947868347168,94.6519927978516,..,..,..,..,..
Sao Tome and Principe,STP,"School enrollment, secondary (% gross)",SE.SEC.ENRR,..,..,..,..,..,..,..,..,..,..,..,..,..,37.0718116760254,39.6062316894531,42.5550918579102,..,47.7902908325195,45.0783195495605,50.7832107543945,51.5600318908691,50.0168418884277,57.5209693908691,63.8994598388672,74.4041519165039,82.0281829833984,83.0990371704102,89.7067031860352
Senegal,SEN,"School enrollment, secondary (% gross)",SE.SEC.ENRR,15.2084503173828,..,15.6085395812988,..,..,..,14.7508096694946,14.4915399551392,14.3515901565552,15.0939502716064,15.6175699234009,15.8594303131104,17.2074108123779,..,20.01296043396,22.076530456543,23.8038196563721,..,29.8439598083496,..,35.7195510864258,40.8822898864746,44.7226982116699,47.4579582214355,49.5381698608398,50.199390411377,48.1149215698242,..
Serbia,SRB,"School enrollment, secondary (% gross)",SE.SEC.ENRR,..,..,..,..,..,..,..,..,..,94.1808624267578,91.1882629394531,89.7503128051758,88.7098770141602,88.2943801879883,88.1681365966797,88.5904083251953,88.9565811157227,89.5007400512695,90.4638137817383,91.4844589233398,91.4276275634766,93.6310501098633,94.1696166992188,94.4092102050781,94.3444137573242,96.6696090698242,96.234733581543,..
Seychelles,SYC,"School enrollment, secondary (% gross)",SE.SEC.ENRR,..,111.00171661377,113.148490905762,112.843696594238,115.985496520996,112.993423461914,114.380889892578,..,99.6029281616211,73.7322692871094,72.8616714477539,66.7258682250977,70.5744400024414,74.8574066162109,74.873046875,81.8033065795898,74.8631286621094,79.0373687744141,76.2947235107422,76.1557235717773,74.6590194702148,74.0166473388672,85.2883071899414,84.6472625732422,87.495491027832,92.263542175293,93.0200500488281,..
Sierra Leone,SLE,"School enrollment, secondary (% gross)",SE.SEC.ENRR,15.450909614563,15.1809301376343,..,..,..,..,..,..,..,..,..,24.1556205749512,..,..,..,..,..,..,..,..,..,39.3984107971191,43.6324691772461,38.5114898681641,..,38.238151550293,40.4990501403809,..
Singapore,SGP,"School enrollment, secondary (% gross)",SE.SEC.ENRR,..,..,..,..,..,..,..,..,..,..,..,..,..,..,..,..,..,..,..,..,..,..,..,..,..,..,108.130416870117,..
Sint Maarten (Dutch part),SXM,"School enrollment, secondary (% gross)",SE.SEC.ENRR,..,..,..,..,..,..,..,..,..,..,..,..,..,..,..,..,..,..,..,..,..,..,..,..,..,..,..,..
Slovak Republic,SVK,"School enrollment, secondary (% gross)",SE.SEC.ENRR,..,..,..,87.1675872802734,87.5877380371094,89.0079727172852,90.9701690673828,91.4116134643555,84.0712738037109,84.5776214599609,85.6171493530273,86.025146484375,87.9403686523438,90.0862808227539,92.5690536499023,93.2776031494141,92.6842422485352,92.3391494750977,91.7451705932617,91.6812286376953,92.2649917602539,92.5988998413086,92.5897827148438,90.805793762207,90.6624603271484,90.9674072265625,..,..
Slovenia,SVN,"School enrollment, secondary (% gross)",SE.SEC.ENRR,87.2433471679688,88.0015029907227,88.297492980957,88.2998275756836,88.4804382324219,89.9820098876953,90.1096801757813,91.7872009277344,92.6968688964844,99.3758316040039,100.940246582031,106.594993591309,107.500556945801,108.996780395508,97.1117324829102,97.0826797485352,96.8386993408203,98.4991607666016,98.5998611450195,98.5093688964844,98.6593780517578,98.550178527832,97.9806671142578,110.586273193359,109.962432861328,109.77033996582,..,..
Small states,SST,"School enrollment, secondary (% gross)",SE.SEC.ENRR,52.47611,53.73127,54.46593,55.0962,56.02157,57.50455,58.28537,59.66063,59.10961,59.86246,60.71162,61.88131,63.07159,64.00678,65.75436,66.47587,67.32002,68.11616,68.4569,69.54377,70.24503,70.2829,69.76403,69.4258,69.90816,70.37895,70.38888,..
Solomon Islands,SLB,"School enrollment, secondary (% gross)",SE.SEC.ENRR,13.8793802261353,15.3487997055054,15.7775096893311,17.111270904541,17.9398307800293,..,..,..,..,25.6427707672119,20.5165901184082,24.5424404144287,31.6557292938232,..,..,30.3829097747803,34.9802207946777,35.6572608947754,..,..,48.5278816223145,47.7530212402344,48.2868881225586,..,..,..,..,..
Somalia,SOM,"School enrollment, secondary (% gross)",SE.SEC.ENRR,..,..,..,..,..,..,..,..,..,..,..,..,..,..,..,..,..,5.96506023406982,..,..,..,..,..,..,..,..,..,..
South Africa,ZAF,"School enrollment, secondary (% gross)",SE.SEC.ENRR,65.0069427490234,68.1208114624023,..,..,77.3912963867188,..,..,..,86.6694412231445,85.3898086547852,82.5467910766602,83.8283462524414,85.1456069946289,86.4310607910156,88.9636764526367,90.1439514160156,92.8836822509766,93.7383422851563,91.292236328125,91.871208190918,92.000732421875,93.3049392700195,94.8631591796875,..,101.79606628418,102.753890991211,..,..
South Asia,SAS,"School enrollment, secondary (% gross)",SE.SEC.ENRR,35.8801,38.08979,40.27657,42.08019,42.64836,42.66004,42.86816,43.45391,42.52594,41.62784,43.05172,43.31368,44.83339,46.62561,47.92346,49.88318,51.3696,53.49807,55.91155,55.84853,58.88178,61.45085,64.0379,64.51489,68.9308,69.28986,70.95184,..
South Asia (IDA & IBRD),TSA,"School enrollment, secondary (% gross)",SE.SEC.ENRR,35.8801,38.08979,40.27657,42.08019,42.64836,42.66004,42.86816,43.45391,42.52594,41.62784,43.05172,43.31368,44.83339,46.62561,47.92346,49.88318,51.3696,53.49807,55.91155,55.84853,58.88178,61.45085,64.0379,64.51489,68.9308,69.28986,70.95184,..
South Sudan,SSD,"School enrollment, secondary (% gross)",SE.SEC.ENRR,..,..,..,..,..,..,..,..,..,..,..,..,..,..,..,..,..,..,..,..,..,9.07297992706299,..,..,..,9.88385963439941,..,..
Sri Lanka,LKA,"School enrollment, secondary (% gross)",SE.SEC.ENRR,71.9603424072266,71.6744079589844,73.3890228271484,74.708137512207,76.5518035888672,76.4722518920898,..,..,..,..,..,..,..,..,..,..,..,..,..,..,96.9329528808594,99.1125869750977,99.6267776489258,99.693717956543,..,..,97.6956481933594,..
St. Kitts and Nevis,KNA,"School enrollment, secondary (% gross)",SE.SEC.ENRR,..,..,..,..,..,..,..,..,..,..,..,..,..,..,..,..,..,..,..,..,..,..,..,..,..,..,..,..
St. Lucia,LCA,"School enrollment, secondary (% gross)",SE.SEC.ENRR,49.3703689575195,53.348030090332,61.9508018493652,68.7969207763672,..,..,..,74.0626373291016,..,71.1916427612305,73.9931488037109,74.2437515258789,73.6802520751953,74.6379318237305,73.7402725219727,77.7949371337891,82.4180221557617,88.0939865112305,93.6546020507813,95.2140808105469,94.6743087768555,93.8093490600586,90.4071731567383,88.3962326049805,87.6979827880859,88.2058486938477,87.8477478027344,..
St. Martin (French part),MAF,"School enrollment, secondary (% gross)",SE.SEC.ENRR,..,..,..,..,..,..,..,..,..,..,..,..,..,..,..,..,..,..,..,..,..,..,..,..,..,..,..,..
St. Vincent and the Grenadines,VCT,"School enrollment, secondary (% gross)",SE.SEC.ENRR,..,60.0739784240723,..,..,..,..,..,..,..,..,82.5078887939453,84.6067123413086,87.640251159668,86.2906799316406,94.2958221435547,89.4621276855469,..,103.997779846191,108.268226623535,109.475257873535,107.528701782227,103.553833007813,100.978866577148,102.972061157227,104.686706542969,106.414237976074,106.922431945801,..
Sub-Saharan Africa,SSF,"School enrollment, secondary (% gross)",SE.SEC.ENRR,23.00562,23.19776,23.19335,23.30566,23.51259,24.0004,24.1987,24.39688,24.99589,25.27078,25.80826,27.13735,28.21555,29.40454,31.00511,31.98178,33.03288,33.98078,35.91583,37.64275,39.50948,40.58801,41.68596,43.83577,42.19125,42.49525,42.63885,..
Sub-Saharan Africa (excluding high income),SSA,"School enrollment, secondary (% gross)",SE.SEC.ENRR,22.99545,23.18794,23.18357,23.29623,23.50324,23.99176,24.19015,24.38916,24.98904,25.26472,25.80249,27.13266,28.21072,29.39957,31.00052,31.97681,33.0288,33.97646,35.91207,37.63929,39.50646,40.58537,41.68277,43.83302,42.18841,42.49233,42.63598,..
Sub-Saharan Africa (IDA & IBRD countries),TSS,"School enrollment, secondary (% gross)",SE.SEC.ENRR,23.00562,23.19776,23.19335,23.30566,23.51259,24.0004,24.1987,24.39688,24.99589,25.27078,25.80826,27.13735,28.21555,29.40454,31.00511,31.98178,33.03288,33.98078,35.91583,37.64275,39.50948,40.58801,41.68596,43.83577,42.19125,42.49525,42.63885,..
Sudan,SDN,"School enrollment, secondary (% gross)",SE.SEC.ENRR,..,..,..,..,..,..,..,..,..,..,..,34.607120513916,34.5922012329102,35.8975296020508,39.0923881530762,38.7689018249512,36.8779716491699,36.2103118896484,38.3478393554688,42.4220695495605,42.6452713012695,37.6800498962402,41.3834495544434,43.7840881347656,..,45.8303184509277,..,..
Suriname,SUR,"School enrollment, secondary (% gross)",SE.SEC.ENRR,57.2920989990234,58.9285697937012,63.4508209228516,54.1873512268066,..,..,..,..,..,..,..,75.777702331543,75.7561569213867,..,..,69.1801300048828,69.7992324829102,69.6835632324219,70.1938095092773,68.194091796875,71.916618347168,70.7254791259766,72.4935531616211,74.3373565673828,74.0607299804688,78.5296096801758,..,..
Swaziland,SWZ,"School enrollment, secondary (% gross)",SE.SEC.ENRR,..,..,49.1541290283203,46.5677108764648,47.0186195373535,47.1389694213867,47.2810211181641,..,45.8371315002441,44.6283683776855,42.2182197570801,42.1424713134766,42.5045890808105,41.8628082275391,45.2858505249023,47.1853904724121,50.9059791564941,54.5164413452148,..,54.3210906982422,57.9493217468262,59.6470108032227,60.8436012268066,62.1003303527832,64.7619094848633,67.0429306030273,..,..
Sweden,SWE,"School enrollment, secondary (% gross)",SE.SEC.ENRR,89.6654815673828,90.157600402832,91.64208984375,120.758743286133,126.741920471191,130.749755859375,135.176467895508,139.169372558594,155.723678588867,156.551376342773,151.851165771484,147.633224487305,143.929550170898,137.025543212891,103.292961120605,104.059707641602,103.569053649902,102.385940551758,101.301490783691,99.4870986938477,98.1184692382813,96.9797515869141,98.1455307006836,128.561904907227,132.945983886719,140.437225341797,..,..
Syrian Arab Republic,SYR,"School enrollment, secondary (% gross)",SE.SEC.ENRR,50.6930999755859,48.279369354248,46.0012893676758,45.1268196105957,43.93701171875,42.8521881103516,41.9156684875488,41.7804489135742,42.6385307312012,43.0031204223633,43.849781036377,45.4358406066895,47.2444381713867,62.7654609680176,66.2213897705078,69.7172317504883,70.8239364624023,71.8337783813477,72.2453002929688,71.6217498779297,72.3370208740234,74.5078887939453,76.0583801269531,49.3068504333496,..,..,..,..
Tajikistan,TJK,"School enrollment, secondary (% gross)",SE.SEC.ENRR,..,102.62767791748,100.345161437988,92.5428466796875,80.1027069091797,79.8772430419922,..,..,..,73.2612991333008,72.9485626220703,74.9046478271484,77.6194381713867,80.1909866333008,81.0223388671875,81.1130599975586,82.0242309570313,82.8028717041016,83.320930480957,83.5892105102539,84.0854187011719,84.9694900512695,86.2372207641602,87.4406585693359,..,..,..,..
Tanzania,TZA,"School enrollment, secondary (% gross)",SE.SEC.ENRR,..,5.34660005569458,5.35683012008667,5.34767007827759,5.31540012359619,5.32183980941772,5.21716022491455,5.63351011276245,..,..,..,..,..,..,..,..,..,..,..,..,30.6355209350586,..,33.6474990844727,31.6737995147705,..,..,..,..
Thailand,THA,"School enrollment, secondary (% gross)",SE.SEC.ENRR,28.5128593444824,30.2537307739258,33.4324188232422,37.5485610961914,42.5191802978516,47.7727584838867,54.1666412353516,57.4625205993652,61.088451385498,..,..,62.8252182006836,64.9129409790039,..,68.3410110473633,73.6243209838867,74.1784973144531,79.3365936279297,79.2100830078125,80.8052673339844,82.41259765625,84.9909210205078,83.7325897216797,81.9676513671875,120.294700622559,120.631553649902,..,..
Timor-Leste,TLS,"School enrollment, secondary (% gross)",SE.SEC.ENRR,..,..,..,..,..,..,..,..,..,..,..,36.9638404846191,43.1412086486816,46.0603218078613,54.2892990112305,52.4783096313477,..,..,49.8062286376953,60.1938591003418,60.6591796875,61.5043792724609,61.1231498718262,59.7372093200684,62.4990081787109,67.9509201049805,74.3181304931641,..
Togo,TGO,"School enrollment, secondary (% gross)",SE.SEC.ENRR,21.5209503173828,20.4284400939941,20.19162940979,..,19.9891605377197,22.0451393127441,23.543249130249,23.9920196533203,..,29.3766803741455,31.8523807525635,34.6160697937012,38.6839714050293,40.9081611633301,42.5190086364746,45.078800201416,47.1962013244629,44.3080787658691,..,..,..,55.0709991455078,..,..,..,..,..,..
Tonga,TON,"School enrollment, secondary (% gross)",SE.SEC.ENRR,98.438232421875,98.9454727172852,..,106.930816650391,..,..,..,..,95.8532104492188,105.448028564453,106.645126342773,106.154190063477,110.624237060547,119.274192810059,104.614929199219,..,100.093360900879,103.47029876709,102.955253601074,102.931686401367,103.632789611816,104.364303588867,90.7550582885742,90.5043563842773,90.110221862793,..,..,..
Trinidad and Tobago,TTO,"School enrollment, secondary (% gross)",SE.SEC.ENRR,83.1695175170898,80.3760986328125,79.6975173950195,79.921257019043,..,..,..,..,..,..,..,..,..,..,85.5122299194336,..,..,..,..,..,..,..,..,..,..,..,..,..
Tunisia,TUN,"School enrollment, secondary (% gross)",SE.SEC.ENRR,44.8517303466797,45.3021087646484,46.2435684204102,48.8862991333008,53.4415702819824,56.9999008178711,60.5558700561523,61.9032592773438,68.4294815063477,72.3565292358398,74.6361618041992,76.5965728759766,78.0484008789063,77.5487823486328,81.6510925292969,84.8062515258789,86.9570617675781,90.6677703857422,92.4967803955078,90.764762878418,90.4091186523438,92.0569076538086,..,90.1507263183594,87.6520614624023,88.1955718994141,92.8699188232422,..
Turkmenistan,TKM,"School enrollment, secondary (% gross)",SE.SEC.ENRR,..,..,..,..,..,..,..,..,..,..,..,..,..,..,..,..,..,..,..,..,..,..,..,..,85.8196716308594,..,..,..
Turks and Caicos Islands,TCA,"School enrollment, secondary (% gross)",SE.SEC.ENRR,..,..,..,..,..,..,..,..,..,..,..,..,..,..,..,..,..,..,..,..,..,..,..,..,..,..,..,..
Tuvalu,TUV,"School enrollment, secondary (% gross)",SE.SEC.ENRR,..,..,..,..,..,..,..,..,..,..,..,70.3703689575195,..,..,..,..,..,..,..,..,..,..,..,..,87.0289916992188,95.9791488647461,..,..
Uganda,UGA,"School enrollment, secondary (% gross)",SE.SEC.ENRR,11.4168500900269,10.5505800247192,10.1993598937988,10.0379104614258,10.1967401504517,10.4321403503418,..,9.82386016845703,..,..,..,..,..,..,19.0357093811035,..,..,23.9389896392822,..,..,..,..,..,..,..,..,..,..
Ukraine,UKR,"School enrollment, secondary (% gross)",SE.SEC.ENRR,93.779670715332,92.2185668945313,91.0737609863281,89.953727722168,89.9109725952148,..,..,..,..,100.27970123291,102.086936950684,103.225631713867,103.77880859375,104.325439453125,100.311828613281,95.5954895019531,96.831901550293,96.7217864990234,96.0863723754883,95.2537612915039,95.5202102661133,93.4811401367188,96.6960906982422,97.0477828979492,96.7860336303711,..,..,..
United Arab Emirates,ARE,"School enrollment, secondary (% gross)",SE.SEC.ENRR,59.7807998657227,64.3800506591797,67.0795288085938,70.9588623046875,76.5429306030273,80.5815734863281,..,78.1905288696289,78.3570098876953,..,..,..,..,..,..,..,..,..,..,..,..,..,..,..,..,..,95.8050689697266,..
Upper middle income,UMC,"School enrollment, secondary (% gross)",SE.SEC.ENRR,54.15693,55.87331,58.17302,60.2466,61.69197,64.22488,66.99335,68.48794,69.91949,70.92891,71.11252,71.28448,71.65827,72.00384,73.2811,74.62568,76.99122,79.79616,82.97363,85.63469,88.20575,90.28567,91.23039,94.23023,94.33555,94.09966,93.52012,..
Uruguay,URY,"School enrollment, secondary (% gross)",SE.SEC.ENRR,81.2108917236328,83.8235702514648,82.5446929931641,81.1157531738281,80.8550567626953,82.3864364624023,85.8023223876953,..,89.1369476318359,92.1028594970703,98.2441787719727,101.58959197998,106.117721557617,109.134307861328,106.975929260254,101.215202331543,100.817710876465,91.8364715576172,87.6876220703125,90.0732192993164,90.2958526611328,..,..,109.030990600586,110.519203186035,111.648239135742,..,..
Uzbekistan,UZB,"School enrollment, secondary (% gross)",SE.SEC.ENRR,101.363220214844,99.1777572631836,97.9148712158203,94.4913711547852,92.5791702270508,92.6068496704102,..,..,..,86.7240295410156,87.8722534179688,..,..,97.3609924316406,97.5657119750977,88.6358108520508,88.3368530273438,89.3505783081055,87.9503479003906,89.2157897949219,89.6078414916992,89.9314727783203,91.8134613037109,91.5230331420898,91.7329483032227,91.5789337158203,92.3530731201172,93.0370788574219
Vanuatu,VUT,"School enrollment, secondary (% gross)",SE.SEC.ENRR,..,17.7415904998779,..,..,..,..,..,..,..,30.2986392974854,34.6617088317871,35.7238502502441,39.554759979248,40.3505516052246,42.7529716491699,..,..,..,..,..,59.530948638916,..,..,..,..,54.8187599182129,..,..
"Venezuela, RB",VEN,"School enrollment, secondary (% gross)",SE.SEC.ENRR,55.4965400695801,55.6671981811523,56.4348907470703,56.8121604919434,..,..,..,..,..,56.5485382080078,59.3250617980957,63.0791702270508,66.8958969116211,68.0313186645508,70.5861892700195,72.9644622802734,75.6280212402344,78.1586532592773,79.9100189208984,80.8641891479492,80.8759613037109,81.938720703125,84.2235488891602,91.9046478271484,91.3710479736328,89.4266662597656,85.6535186767578,..
Vietnam,VNM,"School enrollment, secondary (% gross)",SE.SEC.ENRR,34.8163185119629,..,..,..,..,..,..,..,57.8442916870117,..,..,..,..,..,..,..,..,..,..,..,..,..,..,..,..,..,..,..
Virgin Islands (U.S.),VIR,"School enrollment, secondary (% gross)",SE.SEC.ENRR,..,..,..,..,..,..,..,..,..,..,..,..,..,..,..,..,..,..,..,..,..,..,..,..,..,..,..,..
West Bank and Gaza,PSE,"School enrollment, secondary (% gross)",SE.SEC.ENRR,..,..,..,..,..,68.4189300537109,70.6367874145508,72.9286422729492,..,76.2901763916016,78.2924423217773,80.0947494506836,82.1780471801758,84.807373046875,88.5259094238281,89.6624298095703,90.8425369262695,90.3270874023438,88.792839050293,87.5817565917969,85.6540069580078,83.9020309448242,83.1705932617188,82.6591567993164,82.4080581665039,83.2152709960938,83.8676986694336,..
World,WLD,"School enrollment, secondary (% gross)",SE.SEC.ENRR,51.42844,52.51707,53.82707,55.2138,56.13206,57.06558,58.04237,58.83738,58.99522,59.11352,59.76972,60.20802,61.06963,62.06456,63.01854,63.95928,65.09329,66.75243,68.40611,69.31846,71.14151,72.62096,73.77319,75.26696,76.19717,76.24251,76.42667,..
"Yemen, Rep.",YEM,"School enrollment, secondary (% gross)",SE.SEC.ENRR,..,..,..,..,..,..,..,..,..,41.537540435791,..,45.7634391784668,..,46.3125610351563,46.9380683898926,45.4674606323242,..,..,42.3270797729492,..,43.4514999389648,45.5096702575684,46.2733001708984,48.625659942627,..,..,51.0066795349121,..
Zambia,ZMB,"School enrollment, secondary (% gross)",SE.SEC.ENRR,20.6173801422119,..,..,..,20.0496807098389,..,..,..,..,..,..,..,..,..,..,..,..,..,..,..,..,..,..,..,..,..,..,..
Zimbabwe,ZWE,"School enrollment, secondary (% gross)",SE.SEC.ENRR,45.7410087585449,47.3760795593262,42.2704811096191,39.7271499633789,39.7180404663086,41.3794288635254,42.4338989257813,44.3007392883301,..,43.9690093994141,43.8231582641602,44.6831092834473,42.5440902709961,38.7664413452148,..,..,..,..,..,..,..,..,46.4166107177734,47.1138305664063,..,..,..,..
,,,,,,,,,,,,,,,,,,,,,,,,,,,,,,,
,,,,,,,,,,,,,,,,,,,,,,,,,,,,,,,
,,,,,,,,,,,,,,,,,,,,,,,,,,,,,,,
Data from database: World Development Indicators,,,,,,,,,,,,,,,,,,,,,,,,,,,,,,,
Last Updated: 05/02/2018,,,,,,,,,,,,,,,,,,,,,,,,,,,,,,,
